公司名称-1700家,ProfitAbility,信用风险（企业查风险总量数）,营运效率（资产负债率）,管理能力（根据股权占比和公告合理给分）,发展潜力（根据行情直接给分）,技术创新能力（专家打分 先空着）,TotalScore,,,注意,
原子高科,5.13%,340,29.35%,15,5,,86,,,法人代表不一致,
华环电子,2.24%,38,22.29%,14,13,,86,,,发展潜力无数据,
恒业世纪,2.73%,85,43.02%,12,17,,89,,,,
星昊医药,4.40%,513,21.05%,16,12,,87,,,,
海鑫科金,-8.10%,233,40.77%,8,12,,79,,,,
大地股份,3.28%,345,44.96%,13,19,,87,,,,
联 飞 翔,6.24%,239,23.27%,8,7,,86,,,,
信维科技,-3.34%,16,24.30%,9,13,,79,,,,
圣 博 润,1.24%,57,28.52%,13,14,,83,,,,
九 恒 星,-12.05%,103,8.43%,8,12,,71,,,,
清畅电力,1.06%,68,58.96%,10,13,,80,,,,
中科国信,-3.18%,62,37.48%,14,15,,81,,,,
南北天地,-83.24%,66,95.52%,7,17,,71,,,,
兆信股份,1.99%,209,22.30%,16,16,,83,,,,
中讯四方,-1.06%,95,31.73%,9,13,,80,,,,
国基科技,3.99%,501,33.08%,12,13,,84,,,,
星和众工,3.06%,136,73.06%,8,17,,87,,,,
赛德丽,-3.63%,108,57.34%,11,15,,78,,,,
中航讯,-13.79%,62,26.88%,11,14,,74,,,,
北京航峰,-1.66%,35,15.78%,13,15,,79,,,,
金润科技,2.90%,93,3.38%,14,17,,85,,,,
新眼光,1.36%,98,18.34%,12,13,,82,,,,
煦联得,-1.38%,98,37.59%,10,19,,81,,,,
创世生态,-22.31%,289,58.51%,15,12,,69,,,,
光谷信息,-3.94%,238,44.37%,12,10,,80,,,,
光宝联合,2.20%,104,32.39%,12,14,,87,,,,
沃捷传媒,1.61%,104,60.74%,9,15,,84,,,,
全网数商,2.42%,164,27.16%,11,13,,86,,,,
微传播,-7.18%,79,19.90%,9,5,,76,,,,
优炫软件,-8.50%,171,41.25%,12,5,,80,,,,
丰电科技,4.44%,191,52.16%,16,19,,89,,,,
掌众科技,-0.62%,98,13.86%,14,13,,79,,,,
迈达科技,14.00%,100,14.10%,14,12,,90,,,,
璟泓科技,6.06%,173,36.39%,9,10,,88,,,,
亿童文教,4.22%,173,11.86%,15,10,,87,,,,
伊禾农品,0.02%,213,32.60%,11,5,,82,,,,
绿岸网络,2.23%,405,9.04%,14,14,,81,,,,
美兰股份,"6,89",252,41.24%,12,17,,93,,,,
普华科技,-10.37%,94,15.62%,12,13,,73,,,,
慧峰仁和,-5.34%,29,67.61%,10,18,,81,,,,
光电高斯,3.67%,119,55.79%,11,19,,85,,,,
成科机电,0.58%,102,46.10%,13,16,,85,,,,
易同科技,-2.75%,206,44.29%,11,12,,81,,,,
永天科技,-28.90%,68,60.57%,13,19,,75,,,,
晟矽微电,-2.53%,99,28.29%,8,13,,79,,,,
奉天电子,3.83%,103,58.90%,12,16,,84,,,,
辰光医疗,-2.23%,89,41.32%,12,17,,83,,,,
维珍创意,0.31%,74,1.19%,11,11,,80,,,,
四维传媒,3.46%,157,55.16%,9,17,,84,,,,
江扬环境,2.01%,167,31.09%,9,16,,86,,,,
精英智通,-0.54%,78,36.21%,12,11,,80,,,,
捷世智通,-9.37%,92,26.24%,9,15,,78,,,,
中环系统,1.02%,36,43.58%,12,14,,85,,,,
华韩股份,10.64%,369,59.46%,11,10,,86,,,,
银音科技,-2.91%,304,33.56%,9,7,,77,,,,
雷腾软件,-4.22%,125,18.28%,12,5,,78,,,,
同济医药,0.70%,358,30.85%,13,18,,83,,,,
上海上电,0.01%,69,39.48%,11,16,,84,,,,
力码科,3.11%,63,40.99%,10,13,,87,,,,
威门药业,3.24%,179,34.52%,11,18,,88,,,,
泰达新材,12.47%,33,31.14%,11,15,,92,,,,
星立方,-1.29%,144,8.32%,13,18,,79,,,,
东亚装饰,3.02%,274,71.09%,14,5,,85,,,,
海格物流,3.41%,575,63.33%,14,10,,84,,,,
元亨光电,6.65%,2581,49.38%,14,12,,88,,,,
中一检测,0.93%,94,41.58%,14,9,,84,,,,
万特电气,4.94%,67,25.98%,10,17,,89,,,,
斯派克,7.62%,155,22.74%,7,19,,91,,,,
星火环境,-0.02%,12,7.14%,13,7,,77,,,,
帝信科技,-8.42%,94,13.98%,14,6,,77,,,,
永继电气,3.62%,90,52.85%,7,19,,84,,,,
乐创技术,15.47%,64,18.98%,8,16,,89,,,,
陕西瑞科,8.26%,21,29.13%,10,18,,91,,,,
方林科技,4.79%,100,38.99%,7,15,,89,,,,
万泉河,-4.42%,298,26.89%,14,7,,78,,,,
食安科技,5.26%,90,11.47%,9,14,,87,,,,
德联科技,-29.13%,214,25.52%,13,5,,70,,,,
陆海科技,0.70%,37,7.44%,10,7,,79,,,,
华艺园林,6.46%,463,43.96%,13,9,,87,,,,
安泰得,11.59%,6757,30.87%,13,10,,88,,,,
峆一药业,12.40%,12,17.58%,14,18,,91,,,,
旭建新材,3.12%,912,24.59%,9,14,,82,,,,
新成新材,2.76%,251,53.22%,10,11,,81,,,,
大正医疗,7.99%,36,8.40%,11,14,,89,,,,
威硬工具,4.70%,28,17.65%,12,12,,88,,,,
亚奥科技,-9.84%,659,29.92%,10,13,,75,,,,
中视文化,-20.34%,33,73.79%,15,10,,72,,,,
中科三耐,0.83%,88,20.37%,7,12,,82,,,,
麟龙股份,9.47%,195,25.67%,15,15,,91,,,,
文达通,12.62%,435,69.80%,16,19,,92,,,,
扬子地板,4.77%,173,42.84%,14,14,,91,,,,
利雅得,1.58%,688,36.46%,6,16,,79,,,,
畅想高科,2.49%,17,24.58%,12,16,,86,,,,
亚成微,4.21%,55,47.66%,12,14,,91,,,,
英派瑞,6.95%,91,38.40%,12,12,,90,,,,
雅达股份,5.17%,63,24.57%,11,11,,88,,,,
安运科技,7.09%,27,8.10%,9,6,,87,,,,
虹越花卉,6.39%,237,37.21%,9,8,,87,,,,
山水节能,4.98%,137,42.60%,13,19,,92,,,,
差旅天下,4.53%,79,61.47%,13,7,,90,,,,
华菱西厨,4.51%,130,48.78%,11,13,,91,,,,
天松医疗,11.69%,96,14.02%,15,12,,90,,,,
晶宝股份,6.76%,100,45.74%,10,5,,89,,,,
凯德股份,5.13%,81,51.82%,12,14,,87,,,,
博安通,-10.99%,76,61.96%,11,14,,76,,,,
腾旋科技,-2.34%,82,44.13%,11,18,,83,,,,
大树智能,-1.55%,24,33.07%,16,14,,82,,,,
格纳斯,3.18%,5224,84.38%,13,16,,83,,,,
箭鹿股份,6.25%,150,33.73%,15,16,,90,,,,
合胜科技,-5.61%,97,70.53%,11,15,,80,,,,
中瑞药业,1.96%,86,15.84%,8,10,,80,,,,
上海底特,1.11%,42,47.93%,15,14,,85,,,,
同望科技,-8.92%,82,19.82%,12,19,,79,,,,
财安金融,4.71%,398,33.81%,12,17,,89,,,,
江苏铁发,1.41%,129,8.22%,13,12,,81,,,,
天跃科技,0.76%,251,37.96%,9,11,,81,,,,
浩海科技,-1.41%,39,38.47%,12,12,,81,,,,
同智伟业,-16.47%,34,25.08%,10,5,,72,,,,
源通机械,2.32%,86,45.09%,7,19,,88,,,,
合肥高科,7.14%,106,56.59%,15,19,,90,,,,
芳笛环保,2.39%,164,58.05%,11,17,,85,,,,
先大健康,-10.87%,95,52.46%,15,14,,72,,,,
琼中农信,5.30%,11595,88.81%,6,5,,83,,,,
华曦达,34.05%,171,69.73%,12,19,,94,,,,
百博生物,14.49%,25,21.02%,13,8,,90,,,,
帕特尔,-9.23%,176,58.48%,7,10,,75,,,,
武汉蓝电,15.28%,35,25.59%,12,19,,92,,,,
泰安众诚,6.09%,98,36.15%,13,16,,90,,,,
广源精密,0.51%,97,63.17%,17,9,,85,,,,
佳晓股份,-7.76%,52,65.65%,10,4,,79,,,,
安达科技,39.60%,723,51.62%,10,19,,86,,,,
广东羚光,5.18%,195,59.63%,15,14,,87,,,,
熔金股份,3.02%,658,36.40%,10,8,,82,,,,
巨峰股份,5.25%,184,41.23%,11,15,,91,,,,
雪郎生物,9.01%,28,31.05%,8,19,,92,,,,
和泰润佳,14.51%,75,54.35%,14,19,,90,,,,
万绿生物,4.97%,3459,17.97%,12,15,,85,,,,
华精新材,9.84%,99,32.93%,8,10,,90,,,,
新昶虹,1.94%,903,30.00%,14,12,,81,,,,
九生堂,4.22%,142,16.58%,14,9,,87,,,,
古城香业,3.28%,366,15.51%,8,11,,81,,,,
平原智能,1.03%,227,56.40%,8,5,,78,,,,
骏华农牧,-3.57%,22,62.63%,17,19,,84,,,,
中科仪,22.85%,172,46.29%,12,18,,94,,,,
盈谷股份,-5.30%,211,31.40%,11,17,,80,,,,
丰海科技,-1.32%,73,11.95%,16,5,,79,,,,
康莱股份,8.78%,41,41.06%,16,15,,94,,,,
基康仪器,4.90%,173,19.02%,13,17,,89,,,,
佳龙股份,5.43%,127,63.98%,12,19,,92,,,,
联桥新材,7.44%,54,41.52%,13,17,,94,,,,
波斯科技,2.81%,35,14.03%,14,10,,84,,,,
海迈科技,9.20%,28,36.97%,8,11,,90,,,,
紫竹装备,-2.50%,78,26.51%,15,6,,79,,,,
旺成科技,7.23%,41,55.31%,14,17,,90,,,,
粤开证券,0.38%,4538,75.78%,15,10,,80,,,,
长仪股份,1.31%,144,51.86%,12,17,,82,,,,
聚融集团,7.25%,163,38.01%,14,17,,93,,,,
海阳股份,13.48%,441,36.69%,15,15,,89,,,,
裕荣光电,0.12%,107,50.51%,10,8,,79,,,,
上元堂,4.12%,117,35.60%,13,12,,90,,,,
纳晶科技,-11.42%,172,19.90%,9,11,,71,,,,
可恩口腔,4.69%,113,66.78%,14,10,,90,,,,
君山股份,2.88%,85,16.63%,11,13,,85,,,,
景尚旅业,-3.88%,73,66.73%,10,11,,80,,,,
苏北花卉,0.45%,379,61.38%,13,6,,82,,,,
凯大催化,8.00%,3525,18.30%,8,18,,87,,,,
先临三维,-1.37%,378,17.20%,10,15,,76,,,,
中易腾达,7.05%,95,65.48%,14,14,,93,,,,
兴和股份,3.71%,241,31.41%,10,11,,84,,,,
壹玖壹玖,0.59%,882,67.12%,14,7,,81,,,,
金友智能,0.55%,193,64.98%,8,13,,84,,,,
久易股份,41.74%,177,41.59%,15,18,,94,,,,
兴艺景,4.11%,138,85.82%,14,8,,88,,,,
海联捷讯,3.23%,35,54.44%,14,9,,83,,,,
博硕光电,0.12%,281,28.93%,13,12,,82,,,,
朗星科技,1.08%,162,52.02%,11,10,,80,,,,
红光股份,1.88%,19,51.80%,13,11,,80,,,,
赛莱拉,-9.89%,74,67.49%,16,9,,81,,,,
美佳新材,0.91%,848,41.44%,10,10,,80,,,,
巴陵节能,6.90%,112,46.82%,13,12,,91,,,,
多普泰,4.55%,253,19.08%,15,9,,86,,,,
安泰股份,6.64%,581,87.10%,10,6,,84,,,,
根力多,5.07%,267,53.53%,14,7,,85,,,,
凌志环保,2.38%,1223,56.20%,15,8,,80,,,,
佳力科技,1.54%,294,36.60%,11,8,,82,,,,
宏海科技,8.51%,100,38.08%,13,14,,92,,,,
西驰电气,9.54%,92,33.12%,10,15,,91,,,,
东润环能,7.21%,335,35.41%,15,13,,90,,,,
博冠股份,-9.75%,49,57.10%,11,16,,77,,,,
秋乐种业,1.76%,445,45.20%,10,14,,81,,,,
乾元泽孚,1.30%,94,28.62%,15,5,,82,,,,
物润船联,6.52%,75,51.52%,12,5,,86,,,,
维泰股份,-1.33%,2537,79.72%,19,5,,78,,,,
茶乾坤,1.88%,97,23.12%,12,5,,82,,,,
兰亭科技,4.66%,756,42.53%,10,6,,86,,,,
力久电机,13.00%,79,51.86%,12,12,,89,,,,
领信股份,6.24%,97,22.20%,12,7,,88,,,,
兴宏泰,-5.75%,317,41.14%,13,9,,78,,,,
力阳科技,-3.46%,20,34.83%,12,15,,81,,,,
奥美环境,1.09%,896,25.80%,14,9,,79,,,,
安达物流,4.40%,170,57.51%,13,8,,86,,,,
伊菲股份,0.06%,181,53.51%,10,8,,79,,,,
派诺科技,1.33%,144,38.43%,9,18,,84,,,,
深冷能源,14.68%,53,59.51%,15,18,,90,,,,
创尔生物,5.65%,66,19.58%,16,12,,89,,,,
新健康成,0.33%,54,8.91%,12,10,,80,,,,
三祥科技,7.56%,68,46.61%,15,11,,92,,,,
巨正源,-11.12%,191,70.15%,14,8,,74,,,,
润华股份,9.66%,71,49.63%,12,5,,92,,,,
南方制药,1.17%,150,16.43%,14,9,,81,,,,
耐磨科技,3.93%,315,43.81%,12,14,,86,,,,
天辰股份,0.49%,106,39.12%,13,9,,83,,,,
点米科技,-7.16%,370,49.23%,11,5,,78,,,,
飞宇科技,3.36%,99,40.09%,9,11,,86,,,,
星展测控,-6.79%,796,25.76%,8,17,,76,,,,
东进农牧,-8.94%,100,54.38%,14,12,,77,,,,
佳和电气,6.20%,73,20.57%,9,17,,89,,,,
东方碾磨,7.50%,2269,55.00%,8,16,,85,,,,
宏源药业,16.54%,269,39.71%,11,17,,92,,,,
睿泽科技,5.93%,92,20.01%,16,15,,90,,,,
松科快换,5.63%,58,15.85%,9,14,,87,,,,
启奥科技,-1.95%,92,4.69%,11,12,,84,,,,
数字认证,2.56%,54,16.20%,9,10,,83,,,,
北教传媒,-7.64%,364,54.73%,11,9,,74,,,,
迪尔化工,12.53%,168,46.80%,8,19,,93,,,,
丽明股份,-4.57%,83,23.01%,13,9,,79,,,,
华博教育,1.81%,77,19.70%,15,9,,81,,,,
博安智能,15.33%,118,66.00%,14,10,,92,,,,
绿蔓生物,6.20%,41,53.51%,16,10,,87,,,,
飞翼股份,0.98%,227,48.31%,14,6,,83,,,,
普适导航,6.72%,74,46.41%,12,14,,91,,,,
益通建设,3.40%,502,74.18%,8,10,,82,,,,
海特股份,0.94%,69,68.90%,14,9,,84,,,,
红山河,0.02%,60,38.25%,14,8,,83,,,,
富耐克,7.64%,187,51.57%,14,18,,90,,,,
华特磁电,3.23%,353,50.44%,8,10,,80,,,,
宜都运机,10.13%,67,34.74%,13,17,,93,,,,
三达奥克,4.24%,240,11.81%,13,12,,87,,,,
南麟电子,-0.83%,86,33.21%,12,9,,80,,,,
智通建设,3.51%,172,49.21%,14,15,,88,,,,
许昌智能,0.43%,152,50.87%,9,17,,81,,,,
康泽药业,3.58%,209,51.34%,10,9,,81,,,,
信立方,6.26%,59,32.04%,13,11,,89,,,,
帝联科技,0.84%,802,23.63%,9,10,,78,,,,
森达电气,5.25%,34,35.18%,13,11,,89,,,,
城兴股份,3.09%,306,35.05%,10,8,,83,,,,
川东磁电,2.87%,48,42.22%,9,8,,86,,,,
凯雪冷链,4.54%,76,35.94%,10,15,,89,,,,
世窗信息,-1.74%,88,9.54%,11,10,,77,,,,
金磊建材,8.63%,120,40.23%,11,14,,93,,,,
上海科特,15.12%,152,40.96%,13,15,,93,,,,
科达科技,-0.85%,95,59.03%,12,16,,78,,,,
安信种苗,1.15%,109,36.05%,13,11,,83,,,,
特思达,-23.34%,110,65.58%,11,10,,73,,,,
水治理,2.31%,28,49.15%,9,10,,86,,,,
爱廸新能,0.96%,97,70.06%,15,11,,83,,,,
百正新材,17.99%,104,54.69%,13,15,,89,,,,
凯华材料,7.57%,22,11.96%,10,17,,90,,,,
约顿气膜,-5.70%,154,34.73%,15,8,,79,,,,
能龙教育,5.43%,109,40.43%,11,11,,90,,,,
美林数据,-9.20%,55,30.49%,8,8,,78,,,,
欧伏电气,10.45%,71,39.21%,14,7,,91,,,,
润成科技,1.51%,189,31.35%,9,13,,83,,,,
盛大在线,6.28%,394,45.60%,18,5,,89,,,,
未来宽带,-3.93%,270,15.61%,9,5,,76,,,,
山川秀美,2.52%,30,43.09%,14,15,,88,,,,
吉福新材,5.37%,23,49.50%,14,18,,92,,,,
朗昇电气,-0.59%,104,45.22%,9,6,,80,,,,
热像科技,-0.32%,75,23.12%,14,7,,79,,,,
龙虎网,3.95%,746,17.66%,13,7,,81,,,,
威科姆,-1.03%,491,11.94%,14,6,,75,,,,
昊华传动,5.21%,72,60.62%,14,9,,90,,,,
合富新材,4.06%,51,68.29%,14,12,,91,,,,
广电五舟,-6.78%,67,58.95%,9,13,,76,,,,
中镁控股,0.77%,264,60.54%,16,6,,84,,,,
胜禹股份,9.12%,435,61.50%,13,12,,90,,,,
力王股份,6.82%,114,51.43%,12,13,,87,,,,
那然生命,-2.31%,5464,50.00%,12,15,,75,,,,
天物生态,10.80%,73,52.84%,8,16,,88,,,,
格利尔,15.75%,158,55.86%,12,17,,90,,,,
金马科技,-13.73%,84,70.41%,8,18,,75,,,,
快乐沃克,7.95%,584,71.63%,13,6,,88,,,,
云叶股份,13.25%,421,50.08%,16,16,,87,,,,
永晟科技,12.10%,69,67.31%,13,19,,94,,,,
莲池医院,6.06%,289,26.05%,15,11,,87,,,,
景川诊断,4.21%,114,18.29%,14,12,,88,,,,
正大环保,0.05%,446,74.88%,10,5,,79,,,,
三高股份,-3.19%,51,26.30%,10,15,,79,,,,
工大软件,2.04%,94,64.14%,13,13,,88,,,,
领航科技,-5.74%,345,75.18%,13,12,,78,,,,
绿岛生态,6.73%,71,73.55%,13,15,,90,,,,
吉华股份,8.46%,53,39.99%,15,18,,93,,,,
瑞特爱,-4.54%,93,54.70%,9,16,,77,,,,
昊方机电,-1.79%,131,53.99%,10,13,,77,,,,
青浦资产,3.22%,2014,6.92%,13,13,,81,,,,
福航环保,1.98%,88,41.02%,10,12,,84,,,,
青鸟软通,7.06%,142,41.82%,14,13,,93,,,,
菱湖股份,0.00%,30,53.84%,10,9,,76,,,,
信而泰,5.56%,37,27.00%,10,17,,89,,,,
中钢网,11.43%,180,83.40%,15,13,,91,,,,
立高科技,2.03%,91,79.18%,10,8,,85,,,,
华明泰,8.29%,136,59.05%,10,12,,88,,,,
艾博德,-2.17%,29,57.60%,14,17,,79,,,,
邦正科技,4.93%,41,49.00%,13,17,,92,,,,
振华股份,-0.59%,267,55.62%,10,15,,76,,,,
知音文化,-3.33%,116,50.87%,13,15,,78,,,,
博益气动,11.17%,169,36.83%,11,17,,93,,,,
宝来利来,5.06%,868,50.68%,16,14,,85,,,,
飞驰环保,-2.87%,62,43.96%,10,6,,80,,,,
东研科技,-8.63%,173,13.43%,12,11,,77,,,,
浙江大农,6.49%,384,22.73%,11,15,,87,,,,
盛安传动,4.56%,139,21.66%,9,18,,89,,,,
蔚林股份,0.67%,251,49.82%,8,6,,82,,,,
环宇建科,5.20%,1899,80.59%,11,5,,85,,,,
龙钇科技,7.99%,48,38.82%,13,16,,92,,,,
春旺新材,10.04%,30,47.22%,13,17,,94,,,,
成达兴,4.95%,32,44.90%,10,15,,90,,,,
垦丰种业,10.09%,291,51.28%,16,11,,88,,,,
新玻电力,6.48%,78,41.65%,12,18,,92,,,,
五谷股份,-0.23%,33,44.78%,9,15,,81,,,,
舜宇精工,6.51%,89,58.01%,14,13,,87,,,,
开泰石化,33.15%,150,73.49%,10,19,,92,,,,
惠尔明,2.91%,229,50.93%,10,6,,81,,,,
宇迪光学,8.71%,98,29.80%,8,17,,91,,,,
建研信息,12.40%,89,39.91%,11,15,,92,,,,
网高科技,1.37%,66,36.41%,15,10,,83,,,,
西格码,3.43%,301,83.54%,14,9,,83,,,,
金康精工,3.73%,132,59.71%,11,17,,85,,,,
大道信通,3.64%,81,27.47%,7,10,,84,,,,
中冀联合,8.35%,84,27.00%,12,17,,92,,,,
仟亿达,6.42%,763,32.17%,15,16,,87,,,,
同信通信,-1.24%,86,29.20%,10,12,,79,,,,
航天检测,0.90%,88,30.47%,15,13,,84,,,,
亘古电缆,5.93%,77,40.46%,11,18,,92,,,,
绿之彩,4.57%,110,53.94%,14,15,,87,,,,
田野股份,2.56%,87,24.48%,8,16,,85,,,,
海龙核科,-1.38%,171,29.18%,10,5,,78,,,,
汇元科技,-1.75%,316,41.43%,8,10,,78,,,,
宁夏新龙,7.68%,62,32.76%,11,16,,92,,,,
中兴通科,15.75%,137,25.00%,14,11,,90,,,,
联洋新材,-2.12%,92,50.27%,13,11,,77,,,,
广德环保,-3.09%,20,62.85%,15,15,,82,,,,
春光股份,3.27%,108,52.19%,11,7,,83,,,,
施可瑞,0.84%,36,22.68%,13,12,,83,,,,
鸿辉光通,418.00%,242,47.56%,9,12,,91,,,,
同里印刷,14.20%,44,56.06%,13,13,,89,,,,
东方水利,8.31%,91,57.22%,15,12,,89,,,,
华创合成,4.97%,71,10.71%,16,11,,88,,,,
金利股份,3.27%,70,25.41%,7,12,,85,,,,
万古科技,-1.32%,167,37.04%,14,17,,82,,,,
科伦股份,5.34%,68,47.68%,9,12,,90,,,,
金昌蓝宇,5.39%,30,14.69%,10,13,,87,,,,
宇宏新科,-6.40%,40,50.91%,13,6,,76,,,,
雷特科技,10.15%,55,15.81%,8,18,,90,,,,
中康国际,-3.08%,716,39.61%,9,14,,77,,,,
中爆数字,5.49%,96,19.29%,9,12,,87,,,,
永辉化工,3.39%,91,23.68%,13,10,,85,,,,
康乐药业,11.75%,81,23.26%,6,12,,89,,,,
民正农牧,-25.15%,23,55.51%,8,11,,68,,,,
天涌影视,-5.37%,37,38.57%,13,12,,80,,,,
宇都股份,9.12%,24,57.55%,8,15,,88,,,,
沃田集团,1.39%,128,33.97%,8,6,,82,,,,
利尔达,10.54%,254,59.19%,14,13,,88,,,,
听牧肉牛,3.09%,10165,36.24%,14,12,,84,,,,
东方碳素,14.93%,41,23.76%,15,17,,92,,,,
递家物流,-3.61%,115,49.50%,8,6,,80,,,,
科瑞达,7.18%,37,9.58%,7,12,,88,,,,
秦森园林,-1.32%,257,77.36%,11,7,,79,,,,
双森股份,0.69%,32,56.74%,14,10,,80,,,,
太川股份,7.27%,37,50.32%,16,17,,91,,,,
新伟科技,-31.88%,70,61.27%,14,10,,73,,,,
丰源股份,0.95%,90,58.17%,14,10,,80,,,,
润天智,2.21%,326,47.43%,11,12,,86,,,,
太阳传媒,-5.61%,48,49.94%,14,9,,80,,,,
芍花堂,2.61%,1991,26.94%,15,13,,83,,,,
首帆动力,9.06%,57,52.09%,13,14,,89,,,,
诺君安,-7.11%,49,18.20%,11,12,,78,,,,
翔宇药业,3.22%,183,32.98%,13,7,,86,,,,
创元期货,2.56%,675,79.80%,13,13,,84,,,,
和氏技术,7.74%,157,52.16%,15,12,,89,,,,
天丰电源,5.63%,80,33.67%,13,13,,90,,,,
瑞恩电气,10.27%,297,58.86%,14,16,,88,,,,
添正生物,3.02%,1169,32.32%,13,6,,83,,,,
华清安泰,7.21%,43,68.02%,10,15,,92,,,,
海颐软件,2.22%,176,50.53%,9,12,,83,,,,
太矿电气,5.75%,27,29.53%,10,14,,88,,,,
汇知康,6.46%,92,32.41%,15,13,,90,,,,
益运股份,1.25%,1067,58.32%,10,12,,77,,,,
益通股份,1.68%,64,39.65%,12,11,,83,,,,
益森科技,6.77%,169,40.71%,12,11,,90,,,,
佳创科技,0.96%,18,46.84%,4,10,,82,,,,
睿思凯,2.96%,39,7.65%,11,11,,83,,,,
金海股份,1.06%,424,36.29%,9,5,,79,,,,
润达光伏,13.42%,65,90.01%,11,16,,90,,,,
佳龙科技,0.13%,39,39.85%,14,19,,85,,,,
恒神股份,3.32%,248,27.45%,13,12,,85,,,,
索力得,-3.42%,68,78.51%,6,13,,79,,,,
宁波公运,1.80%,997,35.62%,12,14,,81,,,,
同益物流,0.22%,168,33.06%,10,6,,82,,,,
德卡科技,6.14%,35,28.31%,13,12,,89,,,,
科列技术,1.43%,320,18.23%,9,11,,78,,,,
森馥科技,0.36%,53,16.20%,13,11,,81,,,,
恒宝通,2.00%,242,18.58%,14,12,,81,,,,
富恒新材,10.17%,278,60.65%,14,13,,92,,,,
美邦科技,11.07%,75,38.52%,10,17,,92,,,,
交控生态,5.05%,41,43.00%,15,14,,91,,,,
菁茂农业,0.37%,133,50.90%,10,10,,79,,,,
天海流体,8.56%,23,48.60%,14,13,,93,,,,
美通筑机,3.47%,110,47.50%,9,11,,86,,,,
星月科技,8.31%,91,69.87%,14,10,,92,,,,
科益气体,5.19%,126,31.45%,9,12,,89,,,,
汇群中药,7.95%,52,41.96%,13,13,,93,,,,
纳科诺尔,14.40%,155,83.13%,10,13,,90,,,,
大亚股份,3.95%,4066,54.67%,7,12,,80,,,,
东宝股份,6.69%,135,37.14%,12,15,,90,,,,
三川田,4.88%,47,57.20%,10,6,,85,,,,
桑尼泰克,5.56%,132,52.46%,12,13,,87,,,,
金宇农牧,-5.31%,104,79.35%,15,12,,80,,,,
爽口源,-3.26%,49,41.49%,10,11,,80,,,,
伟志股份,2.69%,82,38.72%,15,7,,86,,,,
点击网络,7.79%,69,31.06%,15,13,,92,,,,
圣兆药物,-9.38%,106,13.53%,8,13,,77,,,,
泰通科技,0.06%,219,16.82%,12,10,,80,,,,
城光节能,-4.65%,73,47.58%,13,10,,81,,,,
中安股份,-2.44%,43,62.51%,14,9,,81,,,,
三维钢构,5.95%,65,42.82%,11,无数据,,92,,,,
天蓝地绿,4.60%,90,67.24%,12,12,,91,,,,
固泰新材,4.34%,22,16.05%,7,12,,87,,,,
高德信,6.71%,70,26.08%,15,11,,88,,,,
讯众股份,4.97%,179,24.91%,11,11,,88,,,,
天罡股份,7.34%,57,39.47%,11,10,,91,,,,
目乐医疗,8.27%,43,32.90%,12,7,,91,,,,
中奥体育,0.03%,134,20.16%,11,14,,83,,,,
方盛股份,9.50%,50,38.60%,13,13,,92,,,,
数亮科技,12.42%,1319,15.64%,11,11,,86,,,,
天运股份,17.16%,817,71.22%,13,11,,88,,,,
华洋科技,-3.07%,20,41.24%,13,9,,81,,,,
维冠机电,5.79%,73,32.07%,11,12,,90,,,,
南华工业,-7.30%,637,40.84%,6,11,,75,,,,
九通水务,6.73%,30,35.13%,13,无数据,,91,,,,
达瑞生物,2.27%,409,15.67%,15,14,,82,,,,
思晗科技,0.70%,36,28.88%,11,12,,83,,,,
华信股份,0.76%,309,41.79%,7,11,,81,,,,
江苏三鑫,8.95%,52,43.98%,9,12,,92,,,,
景心科技,5.30%,98,35.71%,14,11,,89,,,,
恒信玺利,0.27%,2022,39.35%,14,9,,80,,,,
德信股份,3.57%,107,46.31%,12,10,,87,,,,
中天科盛,3.45%,207,32.16%,14,13,,86,,,,
德胜科技,119.85%,34,72.22%,8,18,,92,,,,
寰烁股份,2.81%,122,58.78%,13,11,,83,,,,
森泰环保,-9.18%,80,69.29%,16,16,,82,,,,
科瑞生物,23.16%,42,43.52%,11,14,,93,,,,
恒源食品,4.92%,67,29.46%,15,13,,89,,,,
骑士乳业,10.78%,2907,69.87%,14,18,,91,,,,
诚栋营地,15.18%,66,56.12%,12,18,,90,,,,
鹿城银行,4.78%,58461,90.99%,14,5,,84,,,,
赛特斯,2.09%,946,25.77%,10,13,,82,,,,
保丽洁,4.13%,228,12.46%,14,13,,87,,,,
昌耀新材,1.44%,151,34.29%,8,17,,84,,,,
索克服务,12.44%,570,44.63%,15,12,,90,,,,
保正股份,20.40%,86,63.67%,13,11,,92,,,,
银钢一通,9.73%,62,53.09%,13,18,,90,,,,
共同管业,2.55%,139,33.54%,9,19,,87,,,,
昆自股份,2.34%,118,67.56%,13,19,,89,,,,
大泽电极,16.62%,66,64.06%,14,11,,92,,,,
紫光新能,-268.96%,1957,87.95%,14,11,,68,,,,
晨越建管,9.47%,318,54.16%,15,10,,86,,,,
奇致激光,6.59%,64,23.40%,14,12,,89,,,,
开瑞物流,41.36%,58,75.32%,12,14,,92,,,,
源达股份,-5.26%,81,60.12%,7,13,,80,,,,
天地人,14.50%,74,68.97%,15,15,,93,,,,
紫光通信,0.88%,131,32.04%,5,13,,82,,,,
道有道,4.45%,415,22.09%,11,11,,85,,,,
天地壹号,-10.19%,1243,27.06%,16,13,,72,,,,
花木易购,4.95%,25,44.90%,9,12,,90,,,,
西科集团,1.23%,148,34.66%,8,20,,84,,,,
汉尧碳科,13.12%,199,56.65%,10,12,,88,,,,
明石创新,2.33%,636,13.79%,15,13,,82,,,,
雷石集团,4.72%,38,18.22%,14,13,,88,,,,
益盟股份,1.04%,82029,20.91%,12,16,,80,,,,
龙创设计,6.52%,416,25.41%,12,14,,86,,,,
艾芬达,5.60%,47,57.24%,12,14,,87,,,,
道尔智控,-11.26%,24,23.40%,10,13,,73,,,,
东软股份,3.22%,200,45.41%,15,12,,88,,,,
卡司通,0.77%,151,52.90%,13,11,,80,,,,
思亮信息,1.17%,110,37.64%,9,14,,83,,,,
鲜美种苗,1.96%,89,81.87%,10,16,,82,,,,
开特股份,8.34%,106,39.26%,10,16,,91,,,,
锦波生物,11.24%,39,45.13%,17,14,,94,,,,
神戎电子,5.50%,108,45.32%,7,13,,90,,,,
民生科技,-1.79%,55,39.94%,6,11,,78,,,,
希尔传媒,-0.72%,276,57.87%,12,11,,76,,,,
欣智恒,2.89%,35,47.20%,15,12,,88,,,,
鹏信科技,-20.84%,19,47.14%,10,8,,72,,,,
立方控股,1.73%,167,24.35%,12,18,,84,,,,
中技能源,2.90%,75,27.26%,10,12,,85,,,,
网信安全,8.01%,101,82.95%,14,9,,90,,,,
天堰科技,0.49%,315,8.98%,11,9,,78,,,,
欣威视通,8.67%,94,25.76%,13,无数据,,92,,,,
新世傲,4.20%,138,24.89%,12,7,,88,,,,
高华股份,3.35%,61,45.48%,8,12,,87,,,,
石金科技,2.06%,92,26.73%,9,13,,85,,,,
三耐环保,20.34%,61,71.47%,13,无数据,,93,,,,
柏星龙,10.51%,185,42.30%,13,14,,93,,,,
恒达股份,7.01%,34,40.38%,8,12,,92,,,,
新龙生物,2.80%,65,12.41%,8,13,,84,,,,
美育股份,-23.81%,70,78.53%,15,16,,73,,,,
华通科技,6.61%,57,24.72%,14,11,,88,,,,
瑞铁股份,1.87%,123,64.85%,14,12,,85,,,,
世创科技,0.03%,131,75.98%,7,15,,83,,,,
通宝光电,2.93%,23,42.06%,10,17,,88,,,,
双喜电器,0.73%,2603,31.97%,13,13,,81,,,,
剧星传媒,1.80%,212,73.45%,13,16,,83,,,,
马上游,-11.32%,295,41.95%,11,13,,75,,,,
鲁班药业,4.42%,23,41.66%,6,17,,90,,,,
港力环保,5.67%,96,46.05%,8,12,,90,,,,
智科股份,11.67%,57,41.32%,13,11,,92,,,,
国航远洋,16.79%,129,64.89%,14,14,,93,,,,
桂林五洲,8.28%,498,42.06%,14,12,,90,,,,
南京试剂,14.83%,35,11.22%,6,18,,89,,,,
超凡股份,11.71%,238,47.40%,14,11,,91,,,,
宏远电器,12.23%,228,46.73%,9,11,,90,,,,
达诺尔,13.39%,52,25.95%,6,13,,89,,,,
天晟股份,1.49%,100,38.40%,10,11,,82,,,,
百事达,8.10%,76,25.96%,13,18,,92,,,,
博采网络,11.55%,460,57.16%,10,13,,85,,,,
基业园林,3.03%,305,70.31%,15,13,,85,,,,
欧康医药,16.72%,31,27.49%,14,17,,92,,,,
晨科农牧,5.07%,162,60.96%,14,12,,91,,,,
龙辰科技,17.39%,127,56.31%,13,18,,90,,,,
中景橙石,8.36%,366,49.84%,14,12,,91,,,,
西部股份,9.52%,115,32.79%,14,13,,92,,,,
三求光固,4.75%,64,38.91%,10,17,,90,,,,
灵鸽科技,5.84%,61,54.01%,8,13,,86,,,,
羌山生物,-8.03%,379,40.76%,13,13,,79,,,,
仁新科技,3.42%,59,35.62%,14,12,,87,,,,
比酷股份,7.84%,101,21.41%,13,11,,90,,,,
爱夫卡,2.42%,47,34.54%,14,10,,86,,,,
多尔晋泽,8.33%,42,53.30%,14,14,,89,,,,
摩尔股份,-1.03%,31,10.01%,13,13,,79,,,,
胜软科技,-10.18%,301,58.30%,11,13,,70,,,,
鼎隆智装,7.04%,48,58.34%,14,11,,88,,,,
崇德动漫,-1.44%,95,13.66%,8,12,,78,,,,
运鹏股份,16.19%,59,42.09%,15,16,,93,,,,
东方股份,5.88%,343,70.24%,12,11,,87,,,,
深深爱,8.28%,369,41.51%,13,14,,91,,,,
民士达,8.85%,471,36.33%,14,19,,90,,,,
穗晶光电,6.20%,218,36.76%,11,11,,88,,,,
康比特,5.15%,233,30.75%,10,12,,88,,,,
八达科技,14.83%,59,54.71%,12,12,,89,,,,
博锐斯,12.26%,130,44.75%,9,14,,92,,,,
新鸿运,9.01%,3288,39.40%,13,15,,89,,,,
江苏铁科,7.98%,36,11.67%,9,12,,89,,,,
华恒股份,6.02%,262,61.94%,14,13,,90,,,,
汇隆活塞,8.91%,55,13.97%,12,12,,90,,,,
云朵网,1.48%,66,25.67%,8,14,,82,,,,
华瑞农业,3.39%,107,49.01%,15,8,,87,,,,
苏州沪云,-45.05%,25,12.56%,10,11,,69,,,,
侨益股份,9.95%,150,68.06%,13,19,,94,,,,
前程人力,2.33%,279,52.00%,12,7,,82,,,,
奇石缘,1.33%,103,38.44%,8,12,,83,,,,
微瑞思创,3.75%,96,38.56%,9,14,,86,,,,
花嫁丽舍,12.36%,267,115.72%,12,11,,87,,,,
美的连,15.18%,69,21.64%,14,无数据,,92,,,,
宁波中药,3.27%,39,66.60%,13,12,,88,,,,
福慧达,2.82%,116,25.89%,10,11,,84,,,,
灵通股份,4.42%,20,17.22%,11,13,,88,,,,
威尔数据,5.17%,29,19.64%,13,14,,88,,,,
亚太天能,-8.43%,90,60.31%,15,13,,81,,,,
励福环保,14.35%,53,32.56%,15,12,,92,,,,
爱知之星,14.96%,51,19.02%,15,13,,90,,,,
康乐卫士,-12.79%,660,25.12%,10,13,,70,,,,
千叶珠宝,1.39%,255,28.32%,10,11,,80,,,,
营财安保,8.82%,44,52.08%,13,17,,90,,,,
华夏光电,5.71%,25,28.61%,12,13,,89,,,,
正昌电子,-27.86%,31,60.97%,10,17,,74,,,,
合力亿捷,-8.72%,118,31.99%,9,13,,79,,,,
汇通金科,-1.62%,26,15.25%,14,11,,78,,,,
中崎股份,2.59%,61,19.51%,13,14,,85,,,,
能拓股份,5.20%,208,34.17%,13,12,,89,,,,
铁血科技,10.02%,254,29.97%,11,10,,89,,,,
百事泰,8.72%,87,36.16%,9,11,,90,,,,
清大天达,-4.43%,208,23.92%,8,12,,78,,,,
福特科,4.12%,274,29.39%,7,13,,87,,,,
新道科技,-0.27%,494,22.50%,15,13,,77,,,,
立德电子,16.10%,17,35.77%,9,12,,91,,,,
三江并流,1.31%,67,50.58%,9,11,,79,,,,
兆晟科技,9.46%,36,25.60%,12,14,,91,,,,
腾轩旅游,3.46%,152,56.25%,13,12,,84,,,,
惠同新材,7.30%,123,28.31%,9,14,,90,,,,
超音速,4.57%,23,32.61%,10,13,,89,,,,
扬德环能,4.79%,347,41.94%,14,13,,89,,,,
天然谷,0.07%,81,43.84%,13,11,,84,,,,
斯达电气,12.28%,168,46.43%,13,19,,94,,,,
五轮科技,99.59%,43,64.33%,13,15,,93,,,,
山东环保,1.86%,165,90.85%,13,17,,83,,,,
瑞奇智造,11.13%,94,74.05%,7,18,,92,,,,
源培生物,13.84%,25,4.96%,13,13,,95,,,,
超纯环保,13.55%,108,53.88%,12,14,,89,,,,
骅锋科技,-11.47%,75,45.29%,13,10,,75,,,,
浩腾科技,5.33%,115,55.46%,10,13,,86,,,,
美天生物,1.39%,178,41.91%,8,11,,83,,,,
天鸿设计,0.04%,54,41.94%,14,15,,85,,,,
盛祥电子,2.53%,120,49.64%,14,11,,87,,,,
天波信息,4.80%,111,40.76%,13,11,,90,,,,
携宁科技,2.95%,64,38.79%,8,12,,86,,,,
三楷深发,-1.70%,58,26.14%,13,10,,79,,,,
凯盛家纺,2.95%,81,66.19%,10,14,,87,,,,
一森股份,3.09%,119,21.40%,14,11,,85,,,,
庞泰环保,14.23%,68,62.34%,7,12,,92,,,,
海诺尔,14.15%,292,66.43%,14,13,,92,,,,
杭真能源,38.30%,138,70.00%,11,14,,92,,,,
兴业源,11.82%,3802,50.43%,15,13,,86,,,,
百味佳,6.28%,46,27.17%,12,12,,89,,,,
嘉诚信息,-9.48%,45,42.54%,14,8,,80,,,,
华发教育,-0.66%,108,33.00%,13,11,,80,,,,
国电康能,0.10%,50,44.49%,10,13,,84,,,,
万极科技,3.55%,383,27.36%,12,12,,84,,,,
中成发展,-3.85%,32,30.39%,8,12,,80,,,,
巴鲁特,17.91%,42,97.12%,10,11,,88,,,,
易构软件,-6.02%,72,23.17%,11,17,,80,,,,
特瑞斯,4.41%,116,56.89%,10,13,,86,,,,
大自然,5.80%,396,40.35%,9,12,,88,,,,
康普化学,18.24%,45,39.36%,13,17,,93,,,,
龙盛世纪,13.73%,26,50.62%,14,12,,89,,,,
富泰和,4.35%,787,52.04%,10,12,,83,,,,
清众科技,8.89%,24,54.71%,14,13,,89,,,,
金锐同创,4.43%,40,31.44%,13,13,,90,,,,
华洋赛车,31.24%,39,59.46%,14,13,,89,,,,
卡车之家,7.78%,142,20.84%,6,12,,89,,,,
华勤互联,3.06%,130,39.89%,12,10,,86,,,,
德隆股份,5.84%,109,50.53%,14,11,,86,,,,
通领科技,6.75%,61,53.11%,6,13,,85,,,,
中建信息,5.04%,1605,85.01%,14,11,,85,,,,
申江万国,10.74%,122,63.62%,12,13,,93,,,,
明尚德,4.38%,96,21.58%,13,12,,89,,,,
恒基股份,2.70%,10326,58.05%,7,11,,79,,,,
有米科技,-28.53%,831,60.01%,8,9,,69,,,,
江平生物,7.60%,46,45.67%,10,12,,92,,,,
赛科星,3.36%,1519,58.63%,14,12,,81,,,,
储吉信息,-10.64%,69,7.98%,11,11,,71,,,,
华清飞扬,-1.46%,259,21.51%,16,11,,79,,,,
纵横六合,-2.55%,90,35.94%,9,16,,81,,,,
正合股份,-3.84%,319,14.80%,12,17,,78,,,,
斯尔克,3.07%,879,57.31%,11,13,,81,,,,
和创科技,-9.01%,215,51.84%,9,11,,74,,,,
迈动医疗,-8.18%,62,58.37%,10,11,,75,,,,
一诺威,10.12%,131,51.23%,13,12,,89,,,,
澳冠智能,6.64%,476,58.68%,15,12,,84,,,,
威达智能,17.60%,29,45.82%,12,17,,94,,,,
前程股份,9.80%,275,74.23%,14,16,,92,,,,
培诺股份,-3.01%,29,48.34%,17,12,,83,,,,
搜了股份,-32.48%,198,84.23%,7,13,,71,,,,
虎彩印艺,-11.99%,333,73.24%,15,13,,73,,,,
车讯互联,4.87%,84,20.29%,14,11,,88,,,,
蓝岛环保,-2.05%,207,39.80%,9,8,,78,,,,
慧云股份,-1.20%,951,30.86%,11,11,,77,,,,
容川机电,14.28%,27,53.83%,13,11,,88,,,,
冠新软件,-11.01%,176,35.11%,10,11,,73,,,,
德博科技,8.55%,25,37.81%,8,18,,92,,,,
贝源检测,-11.42%,30,11.08%,13,17,,74,,,,
扬戈科技,-0.96%,467,42.74%,12,13,,79,,,,
驰诚股份,9.72%,52,25.50%,9,13,,90,,,,
盛源科技,7.14%,92,15.95%,12,12,,90,,,,
苏州电瓷,7.48%,68,38.82%,14,13,,92,,,,
源耀农业,11.35%,388,76.31%,14,7,,89,,,,
好买财富,3.89%,261,77.42%,9,10,,84,,,,
鑫光正,1.20%,105,67.51%,14,13,,85,,,,
新赛点,10.47%,80,37.36%,10,12,,91,,,,
蓝孚高能,-1.28%,98,37.40%,7,14,,80,,,,
钢宝股份,11.13%,319,75.81%,14,11,,89,,,,
怡丽科姆,7.93%,40,34.19%,15,12,,92,,,,
华路时代,6.60%,72,29.09%,9,12,,88,,,,
绿凯环保,-8.02%,25,31.04%,11,14,,80,,,,
羲和网络,-15.62%,125,67.46%,9,8,,74,,,,
无限自在,2.50%,78,55.09%,11,12,,84,,,,
安瑞升,12.75%,233,24.05%,17,12,,91,,,,
西盈科技,14.83%,223,50.85%,12,无数据,,89,,,,
万佳安,2.90%,95,31.89%,11,15,,87,,,,
红酒世界,-10.82%,103,43.48%,14,14,,76,,,,
曼恒数字,-2.67%,7038,38.56%,12,13,,78,,,,
天工股份,3.84%,124,8.62%,13,18,,85,,,,
京博物流,6.52%,284,56.14%,11,11,,85,,,,
置辰智慧,-1.90%,462,66.19%,12,7,,78,,,,
润晶股份,-1.26%,77,24.38%,13,17,,81,,,,
海药股份,0.09%,70,32.74%,13,8,,83,,,,
汉宇钟表,-0.52%,64,33.00%,13,7,,80,,,,
瑞邦药业,6.50%,89,28.72%,6,10,,86,,,,
古纤道,1.23%,466,9.50%,13,无数据,,79,,,,
东方网,-5.97%,16689,46.70%,13,15,,78,,,,
恒润汽车,-3.33%,293,58.95%,11,14,,77,,,,
聚合科技,5.99%,88,68.43%,15,无数据,,92,,,,
先锋机械,8.84%,56,38.07%,11,5,,91,,,,
海唐新媒,15.87%,102,39.19%,12,16,,92,,,,
鑫考股份,2.29%,5,37.32%,8,17,,87,,,,
诺得物流,0.94%,121,39.51%,11,18,,85,,,,
爱迪科技,3.80%,49,45.62%,9,14,,87,,,,
毅能达,-3.16%,287,49.13%,13,15,,81,,,,
闽瑞股份,4.68%,58,34.44%,9,14,,89,,,,
天茂新材,4.25%,3,8.48%,10,19,,87,,,,
朗朗教育,0.46%,69,23.27%,10,5,,81,,,,
雄汇医疗,4.74%,67,38.27%,13,5,,89,,,,
迈新科技,16.21%,79,65.22%,10,15,,92,,,,
清鹤科技,-32.54%,173,63.97%,10,9,,72,,,,
艾能聚,8.92%,125,35.18%,9,16,,91,,,,
新生活,8.32%,250,27.30%,11,13,,90,,,,
飞企互联,10.67%,137,78.17%,15,13,,92,,,,
华强方特,-1.27%,20697,59.59%,14,11,,74,,,,
咸亨股份,11.51%,89,18.60%,15,15,,90,,,,
鑫玉龙,-12.69%,1378,70.74%,9,15,,71,,,,
宝贝格子,5.27%,130,19.24%,10,8,,86,,,,
鑫昌龙,3.50%,86,46.68%,9,11,,86,,,,
金昌股份,9.06%,143,47.78%,11,9,,92,,,,
巨东股份,2.74%,105,65.35%,14,9,,87,,,,
华腾教育,1.72%,52,14.90%,9,7,,80,,,,
清水爱派,2.93%,75,30.93%,11,13,,87,,,,
利欣制药,14.87%,82,36.07%,7,16,,91,,,,
谐通科技,73.20%,23,27.09%,10,19,,91,,,,
株百股份,2.87%,541,52.24%,5,10,,78,,,,
成功通航,5.43%,90,53.70%,13,18,,88,,,,
自然科技,2.66%,137,17.30%,13,16,,85,,,,
南通通机,3.47%,41,38.84%,12,17,,88,,,,
晨泰科技,6.43%,68,37.77%,13,16,,90,,,,
迅安科技,18.35%,9,32.46%,12,无数据,,93,,,,
中化大气,-4.37%,100,68.16%,14,7,,81,,,,
善元堂,5.34%,40,51.72%,13,17,,88,,,,
远东国兰,1.84%,36,46.59%,12,11,,84,,,,
新数网络,-0.33%,59,51.23%,10,13,,77,,,,
麦迪制冷,8.58%,116,47.21%,12,14,,93,,,,
中研股份,7.84%,476,38.58%,13,15,,89,,,,
山东北辰,-2.06%,233,49.30%,10,12,,80,,,,
精晶药业,3.49%,158,30.30%,9,9,,85,,,,
化龙网络,13.44%,115,12.24%,13,17,,91,,,,
环球药业,9.21%,72,19.17%,12,15,,90,,,,
星源农牧,-13.75%,93,64.31%,12,14,,76,,,,
多麦股份,16.36%,105,62.17%,10,13,,92,,,,
钢银电商,4.36%,743,78.85%,15,12,,87,,,,
晓进机械,6.21%,94,29.22%,13,16,,89,,,,
天图控股,-3.38%,207,49.84%,9,13,,80,,,,
金贸流体,3.23%,78,52.50%,11,13,,84,,,,
双龙电机,2.54%,197,54.42%,10,12,,83,,,,
报春电商,0.95%,31,27.19%,13,5,,82,,,,
丽江文旅,0.27%,26,23.53%,12,15,,83,,,,
中阳股份,8.04%,46,73.99%,15,15,,92,,,,
电老虎网,6.48%,112,57.64%,14,8,,86,,,,
东立科技,18.63%,24,44.31%,15,17,,94,,,,
亚微软件,0.07%,22,58.29%,9,19,,81,,,,
华鼎团膳,12.52%,76,31.59%,14,18,,93,,,,
瑞华股份,-3.16%,39,26.66%,15,13,,80,,,,
美味源,4.52%,107,43.65%,11,9,,90,,,,
安奇汽车,7.13%,179,74.55%,13,15,,92,,,,
力佳科技,11.34%,89,40.43%,12,15,,93,,,,
数虎图像,8.45%,148,57.88%,9,16,,88,,,,
晶锐材料,3.38%,73,23.59%,9,12,,85,,,,
长兴制药,11.17%,696,25.55%,12,16,,88,,,,
翰林汇,8.40%,379,83.75%,13,11,,88,,,,
鹏业软件,8.52%,43,35.94%,13,12,,92,,,,
力尊信通,6.59%,24,41.44%,10,14,,90,,,,
澳菲利,4.16%,53,65.05%,12,12,,91,,,,
宇球电子,1.13%,146,52.75%,13,13,,81,,,,
人为峰,9.02%,52,45.74%,13,11,,92,,,,
金禾新材,3.90%,118,36.63%,14,10,,86,,,,
华创股份,0.73%,33,42.48%,13,17,,86,,,,
帕克国际,9.61%,117,24.06%,10,无数据,,91,,,,
金网信息,-6.50%,53,24.74%,8,16,,78,,,,
鑫众科技,0.43%,235,52.41%,12,13,,80,,,,
格润牧业,4.61%,796,28.95%,15,11,,85,,,,
百通能源,9.36%,139,46.83%,11,15,,93,,,,
腾信软创,8.64%,99,32.24%,14,18,,93,,,,
荣恩集团,-12.64%,158,35.33%,14,7,,74,,,,
百事宝,13.48%,25,29.93%,9,17,,91,,,,
杭摩集团,4.05%,236,60.14%,8,16,,89,,,,
绿联智能,-5.42%,71,58.44%,9,12,,76,,,,
中科水生,1.63%,161,49.68%,11,15,,85,,,,
戈碧迦,4.06%,176,42.72%,10,16,,90,,,,
汇尔杰,6.35%,171,47.28%,11,11,,90,,,,
隆源装备,13.93%,165,52.83%,11,7,,88,,,,
彦林科技,9.85%,236,41.50%,13,19,,93,,,,
中大股份,3.97%,2058,79.72%,15,5,,83,,,,
德林荣泽,41.48%,49,77.20%,13,19,,93,,,,
光音网络,1.57%,210,25.72%,16,15,,83,,,,
金太阳,1.89%,420,23.61%,12,12,,80,,,,
东晨联创,6.03%,40,9.93%,13,9,,86,,,,
捷林科技,0.25%,153,59.97%,12,16,,81,,,,
思尔特,5.25%,746,57.39%,9,13,,83,,,,
额尔敦,-1.35%,16,56.01%,13,16,,78,,,,
中宇万通,-4.68%,49,21.31%,9,13,,79,,,,
万盛智能,0.12%,58,63.97%,12,7,,84,,,,
瑞兴医药,5.28%,43,57.76%,14,16,,87,,,,
泰维能源,9.02%,85,47.35%,16,11,,93,,,,
机科股份,-0.71%,557,70.77%,14,18,,79,,,,
固润科技,16.60%,21,45.21%,9,18,,93,,,,
创科股份,4.77%,33,31.37%,11,16,,90,,,,
瑞朗医药,2.42%,249,79.90%,8,14,,85,,,,
正业生物,8.28%,66,42.69%,13,9,,92,,,,
港龙股份,19.56%,31,48.20%,10,8,,91,,,,
万源生态,4.21%,615,50.44%,13,12,,84,,,,
日新科技,-3.11%,629,82.49%,9,11,,75,,,,
西部宝德,5.97%,58,73.62%,9,16,,89,,,,
帝杰曼,-4.03%,31,49.97%,14,7,,81,,,,
平安环保,7.92%,1029,61.30%,10,13,,89,,,,
信源信息,12.25%,55,35.97%,8,15,,91,,,,
力王高科,5.25%,46,64.12%,11,12,,91,,,,
豪恩智联,5.39%,187,57.51%,13,17,,88,,,,
宝海微元,6.36%,169,38.18%,9,16,,89,,,,
佰能蓝天,1.18%,110,70.36%,11,15,,84,,,,
远梦家居,1.61%,430,41.61%,13,17,,83,,,,
华天成,4.23%,81,63.28%,14,17,,92,,,,
创研股份,26.38%,80,57.29%,12,18,,90,,,,
康利达,0.01%,405,59.48%,11,15,,78,,,,
海力股份,3.76%,65,48.77%,9,14,,87,,,,
万联城服,-4.33%,7175,39.98%,15,14,,78,,,,
达伦股份,-9.38%,27,49.82%,9,16,,80,,,,
上海众幸,4.72%,175,54.98%,14,6,,86,,,,
凯欣股份,7.92%,80,37.77%,10,16,,91,,,,
伊普诺康,2.11%,53,12.17%,11,15,,85,,,,
星原文化,-8.83%,80,18.97%,11,19,,79,,,,
百甲科技,4.39%,307,58.66%,10,14,,84,,,,
景鸿物流,9.78%,662,32.48%,13,14,,89,,,,
德菱科技,3.42%,39,34.52%,7,13,,86,,,,
尚阳股份,3.14%,110,57.80%,8,16,,83,,,,
双飞人,16.88%,2884,25.62%,13,19,,89,,,,
中农华威,4.34%,84,60.76%,12,15,,91,,,,
杰外动漫,2.85%,471,31.63%,11,11,,83,,,,
九易庄宸,8.46%,80,25.86%,6,12,,89,,,,
名品世家,9.36%,2168,27.91%,13,7,,87,,,,
安人股份,1.88%,149,36.14%,10,19,,84,,,,
松赫股份,-2.62%,23,64.09%,12,15,,82,,,,
百姓网,-3.00%,504,19.31%,8,6,,74,,,,
华源节水,1.63%,78,35.00%,13,16,,84,,,,
金晟环保,6.56%,33,38.71%,7,15,,89,,,,
固特科技,10.65%,161,43.39%,13,16,,93,,,,
金居股份,2.32%,246,70.75%,16,12,,87,,,,
昆仑股份,-12.22%,34,11.14%,13,15,,73,,,,
信元网安,11.85%,15,29.25%,13,17,,92,,,,
珠海港昇,7.53%,173,49.75%,14,15,,93,,,,
金达科技,3.70%,49,30.47%,12,无数据,,88,,,,
西谷数字,1.89%,130,41.12%,13,13,,85,,,,
君逸数码,6.01%,74,46.77%,12,12,,91,,,,
五星铜业,-1.65%,42,53.15%,6,6,,75,,,,
山由帝奥,4.82%,17,7.21%,13,5,,86,,,,
春泉园林,1.18%,138,63.38%,13,12,,85,,,,
亿鑫股份,13.53%,146,72.09%,16,9,,92,,,,
中源股份,1.63%,49,43.45%,9,6,,83,,,,
美安医药,2.05%,28,55.94%,9,6,,82,,,,
国天电子,13.33%,133,46.48%,11,7,,92,,,,
百林生态,4.70%,71,44.33%,13,14,,91,,,,
托球股份,1.14%,92,43.03%,10,7,,83,,,,
瑞一科技,26.32%,160,25.03%,14,16,,91,,,,
青矩技术,11.05%,93,44.03%,7,14,,92,,,,
启超电缆,8.59%,84,64.12%,13,14,,93,,,,
易实精密,9.06%,27,30.02%,15,15,,92,,,,
蓝梦广告,-0.71%,133,36.42%,10,10,,79,,,,
长虹民生,2.45%,2037,28.64%,12,无数据,,84,,,,
华密新材,5.41%,39,29.84%,12,18,,90,,,,
恒丰特导,9.09%,98,45.75%,13,15,,93,,,,
嘉和融通,30.18%,52,21.45%,16,16,,92,,,,
仁和股份,-7.63%,158,84.86%,13,15,,79,,,,
闻道网络,10.22%,29,12.12%,12,15,,90,,,,
兴和云网,2.50%,29,18.83%,10,12,,84,,,,
鸿盛华,2.64%,20,51.46%,8,10,,82,,,,
红宇股份,16.11%,22,25.59%,10,无数据,,91,,,,
集美新材,19.31%,56,19.77%,15,9,,89,,,,
隆海生物,0.76%,36,47.88%,13,8,,84,,,,
亿玛在线,-11.43%,169,35.30%,9,7,,73,,,,
汇恒环保,0.44%,237,56.15%,13,7,,79,,,,
立义科技,-9.75%,21,73.19%,12,8,,79,,,,
创盛智能,4.55%,63,91.26%,10,12,,87,,,,
力姆泰克,11.52%,41,31.53%,12,11,,91,,,,
博为峰,29.97%,139,52.95%,10,17,,89,,,,
留成网,-3.58%,151,59.03%,8,12,,77,,,,
明峰检测,4.94%,46,26.62%,11,18,,90,,,,
欧普泰,10.46%,75,24.67%,13,18,,92,,,,
万德股份,8.40%,41,41.02%,9,11,,91,,,,
润普食品,18.04%,143,45.92%,10,15,,92,,,,
瑞诚科技,4.56%,32,45.21%,14,13,,91,,,,
浦士达,14.91%,26,47.57%,11,14,,93,,,,
群智合,-4.36%,80,69.88%,14,15,,82,,,,
金鼎安全,5.53%,63,51.95%,14,15,,87,,,,
中溶科技,1.05%,113,48.71%,13,5,,84,,,,
风云科技,-2.90%,114,53.49%,9,16,,77,,,,
华成智云,0.11%,23,20.76%,9,11,,81,,,,
普发动力,0.59%,108,35.03%,9,17,,84,,,,
泰源环保,10.39%,46,50.82%,12,18,,90,,,,
博迅医疗,5.68%,25,32.18%,13,16,,90,,,,
光华伟业,6.74%,738,45.27%,10,14,,87,,,,
商客通,45.53%,72,73.95%,14,12,,92,,,,
无锡晶海,12.49%,19,16.73%,13,16,,90,,,,
博深科技,2.24%,907,19.70%,12,12,,82,,,,
蓝天股份,6.00%,56,58.62%,13,17,,88,,,,
德利得,1.81%,317,59.56%,13,13,,79,,,,
润东科技,14.01%,18,55.73%,12,10,,88,,,,
中海通,11.45%,462,51.39%,8,16,,85,,,,
铠甲网络,7.26%,126,18.88%,10,11,,88,,,,
显鸿科技,0.98%,65,45.27%,14,15,,85,,,,
宝艺股份,9.13%,63,46.55%,13,16,,93,,,,
金谷高科,-1.02%,12,55.18%,13,11,,77,,,,
奇华光电,17.90%,27,55.46%,13,5,,88,,,,
三瑞农科,15.55%,3136,5.62%,14,8,,93,,,,
一派直驱,12.50%,40,48.29%,7,17,,93,,,,
大佛药业,11.95%,457,52.94%,8,15,,85,,,,
贯石发展,9.30%,230,51.83%,10,7,,86,,,,
钢研功能,7.97%,41,39.66%,13,16,,92,,,,
胜利监理,1.68%,519,17.17%,9,18,,79,,,,
奥星电子,4.08%,50,27.91%,12,13,,89,,,,
科睿特,4.19%,96,55.68%,10,14,,86,,,,
悦泰物流,5.21%,57,42.89%,13,17,,92,,,,
海达尔,21.56%,5,64.56%,11,无数据,,94,,,,
创一新材,-10.62%,32,56.67%,13,12,,72,,,,
中裕广恒,8.46%,26,47.83%,12,14,,93,,,,
瑞星股份,2.22%,67,18.85%,14,18,,86,,,,
唐鸿重工,-3.68%,45,54.35%,14,13,,78,,,,
大地测绘,2.75%,32,9.69%,7,7,,82,,,,
海润股份,-3.32%,117,23.76%,13,11,,79,,,,
创洁工贸,9.96%,238,20.89%,13,6,,89,,,,
高迪股份,4.63%,50,49.99%,14,14,,91,,,,
新之科技,10.28%,25,60.93%,10,13,,92,,,,
明鑫智能,-0.44%,55,51.93%,10,18,,78,,,,
海钰生物,3.82%,216,28.02%,9,11,,83,,,,
安徽设计,10.08%,20,72.27%,14,13,,92,,,,
奔朗新材,5.76%,3505,39.29%,12,13,,87,,,,
翔龙科技,7.15%,48,51.01%,12,14,,89,,,,
创扬医药,0.41%,299,52.40%,8,13,,79,,,,
丁义兴,-4.22%,111,46.47%,10,14,,81,,,,
贝恩施,12.31%,50,47.43%,12,15,,93,,,,
国信创新,2.19%,243,14.67%,8,13,,83,,,,
蜜思肤,11.21%,12,18.55%,10,17,,90,,,,
加力股份,5.84%,38,45.13%,10,11,,89,,,,
爱用科技,3.81%,47,4.62%,13,7,,89,,,,
爱立方,5.06%,118,26.01%,14,7,,88,,,,
山维科技,1.31%,31,13.77%,8,8,,80,,,,
翔晟信息,4.27%,37,27.91%,10,8,,87,,,,
恒达时讯,-8.84%,34,21.87%,13,11,,78,,,,
来邦科技,6.33%,31,17.97%,13,10,,87,,,,
龙泰新材,6.75%,42,24.34%,13,18,,90,,,,
汇东管道,14.80%,41,64.36%,12,15,,93,,,,
乔发科技,7.40%,72,54.61%,12,17,,90,,,,
中鼎恒业,14.39%,22,56.55%,11,16,,89,,,,
京城皮肤,11.68%,159,52.43%,9,14,,88,,,,
小棉袄,18.67%,95,20.99%,13,16,,91,,,,
恒立钻具,5.82%,23,41.84%,8,16,,90,,,,
储融检测,1.83%,41,36.34%,9,15,,83,,,,
鼎集智能,2.45%,33,49.99%,14,16,,88,,,,
汉维科技,8.13%,14,42.13%,12,13,,93,,,,
西磁科技,14.53%,30,39.16%,11,15,,92,,,,
航天华世,-3.54%,99,43.02%,8,12,,81,,,,
湘泉药业,3.20%,394,44.23%,9,11,,84,,,,
晟楠科技,19.54%,33,43.30%,10,11,,91,,,,
大雅智能,3.39%,118,31.86%,13,10,,86,,,,
精英动漫,1.58%,1591,20.45%,13,10,,79,,,,
雄狮装饰,1.06%,640,59.85%,10,9,,76,,,,
芭薇股份,0.95%,46,51.92%,9,10,,79,,,,
金色股份,0.59%,69,32.75%,11,16,,84,,,,
宏乾科技,-18.79%,26,43.50%,10,15,,75,,,,
赛诺科技,1.40%,13,55.02%,11,16,,81,,,,
同成医药,21.51%,27,43.32%,11,16,,93,,,,
喜悦娱乐,6.42%,50,24.46%,9,19,,89,,,,
阿泰可,-4.45%,82,50.70%,15,16,,78,,,,
泛谷药业,19.29%,75,24.95%,14,11,,90,,,,
太阳股份,8.19%,171,44.10%,13,无数据,,94,,,,
博威电气,8.99%,122,45.07%,12,无数据,,94,,,,
华瑞达,24.93%,48,49.06%,8,无数据,,93,,,,
宏裕包材,8.09%,733,57.20%,14,12,,86,,,,
商科数控,10.03%,48,52.66%,8,15,,88,,,,
智诺科技,-2.12%,362,10.33%,11,10,,76,,,,
九天利建,4.26%,43,70.80%,12,11,,89,,,,
威腾体育,2.84%,116,38.66%,10,12,,86,,,,
华兰海,5.13%,68,22.39%,11,9,,88,,,,
恒展远东,14.67%,23,64.04%,9,17,,93,,,,
南联环资,3.01%,54,32.47%,8,9,,85,,,,
迪威高压,22.36%,13,51.36%,12,18,,90,,,,
小鱼股份,-20.44%,220,37.18%,7,6,,70,,,,
西默电气,-6.47%,90,47.54%,9,13,,80,,,,
万和科技,27.59%,59,42.73%,13,15,,93,,,,
万相融通,2.03%,28,36.27%,12,11,,86,,,,
信昌股份,2.10%,23,43.54%,13,9,,87,,,,
同方瑞风,11.08%,49,45.59%,7,10,,91,,,,
嘉德股份,0.98%,14,9.28%,13,7,,80,,,,
拜欧药业,-26.32%,56,72.93%,13,6,,72,,,,
睿恒数控,5.82%,20,48.05%,14,9,,90,,,,
新申新材,18.75%,45,64.62%,14,13,,93,,,,
佳维股份,1.08%,104,58.03%,15,9,,80,,,,
快乐营,54.67%,48,60.05%,13,11,,92,,,,
泰纳科技,5.58%,98,43.18%,13,12,,91,,,,
丰江电池,-3.32%,226,12.09%,11,6,,77,,,,
天石纳米,7.37%,3533,40.30%,10,12,,89,,,,
康农种业,4.36%,60,31.08%,13,17,,91,,,,
塞北股份,9.45%,52,62.62%,12,10,,92,,,,
蓝天集团,2.89%,99,42.89%,12,11,,87,,,,
通锦精密,4.24%,131,60.85%,10,8,,89,,,,
邦盛北斗,18.90%,41,37.95%,10,9,,90,,,,
天谷生物,12.56%,49,27.17%,5,12,,89,,,,
贺鸿电子,2.94%,253,56.36%,8,12,,82,,,,
明辉股份,4.82%,129,36.45%,10,15,,89,,,,
和田维药,14.18%,22,29.84%,12,无数据,,92,,,,
中电微通,0.01%,54,28.18%,11,11,,82,,,,
宏辉石油,5.07%,27,29.29%,10,17,,89,,,,
中兵通信,1.67%,166,32.85%,13,14,,84,,,,
华信永道,-8.15%,185,26.16%,7,13,,78,,,,
天瑞电子,9.75%,47,36.68%,12,13,,92,,,,
九州量子,-6.15%,156,8.36%,12,9,,76,,,,
文昌科技,12.00%,83,43.84%,11,15,,93,,,,
明阳科技,10.48%,20,39.41%,14,14,,92,,,,
世纪优优,-0.58%,237,29.37%,13,15,,79,,,,
米乐星,-29.15%,1248,65.40%,6,14,,69,,,,
三卓韩一,16.18%,164,40.38%,9,16,,92,,,,
湖南竹材,8.59%,229,51.85%,10,13,,87,,,,
长江文化,-3.24%,1547,18.26%,15,12,,76,,,,
路桥信息,-3.64%,79,53.67%,10,17,,78,,,,
宏天信业,-27.09%,21,18.05%,13,17,,72,,,,
创捷传媒,0.39%,530,33.93%,12,16,,81,,,,
宇超股份,8.56%,198,77.44%,13,无数据,,93,,,,
黑马高科,11.79%,64,56.93%,8,15,,88,,,,
爱迪生,6.42%,289,36.48%,13,13,,89,,,,
同科股份,3.07%,92,49.01%,10,6,,86,,,,
龙宇医药,3.88%,90,26.09%,13,9,,85,,,,
中电科安,1.59%,43,14.66%,13,9,,81,,,,
至诚复材,10.04%,670,60.14%,15,11,,89,,,,
德鲁泰,-5.33%,31,26.43%,13,11,,78,,,,
博芳环保,7.10%,47,23.82%,14,13,,91,,,,
浙伏医疗,3.71%,43,42.98%,11,13,,88,,,,
宏运通,1.44%,42,79.23%,10,13,,83,,,,
同华科技,5.97%,123,41.16%,12,12,,91,,,,
多易得,-34.96%,590,40.43%,8,11,,69,,,,
天维信息,2.35%,25,19.02%,9,11,,83,,,,
盛本智能,1.41%,268,55.33%,10,7,,78,,,,
大飞龙,13.74%,53,26.24%,13,无数据,,92,,,,
方图智能,-0.57%,92,41.58%,9,12,,81,,,,
神州能源,14.37%,125,46.34%,13,13,,93,,,,
创新股份,6.09%,136,56.62%,14,10,,86,,,,
新乡滤器,14.27%,56,51.17%,12,14,,89,,,,
品牌联盟,7.98%,81,21.99%,12,7,,90,,,,
东华美钻,-0.65%,41,40.28%,10,6,,80,,,,
爱信股份,3.23%,46,26.37%,15,13,,86,,,,
圣邦人力,-4.77%,139,35.10%,13,12,,81,,,,
噢易云,-23.17%,84,57.19%,9,13,,69,,,,
海峡人力,8.25%,214,52.20%,14,无数据,,89,,,,
奥华电子,3.98%,330,34.10%,14,11,,84,,,,
科德科技,1.30%,422,59.15%,13,10,,77,,,,
安锐信息,8.03%,43,30.64%,10,13,,91,,,,
众加利,1.75%,47,38.32%,10,12,,83,,,,
安晶龙,3.84%,25,39.15%,12,17,,88,,,,
万吉科技,0.66%,32,51.52%,10,11,,79,,,,
国强高科,-4.03%,56,21.99%,12,12,,80,,,,
祥龙科技,12.88%,77,69.39%,13,11,,92,,,,
快鱼电子,-4.72%,44,34.64%,10,7,,79,,,,
芯诺科技,8.83%,227,47.55%,13,12,,92,,,,
铂联科技,10.07%,16,43.77%,11,12,,93,,,,
美登科技,10.93%,58,5.56%,13,12,,97,,,,
开信精工,4.78%,17,38.85%,12,11,,89,,,,
山谷网安,-24.40%,24,60.16%,12,16,,74,,,,
真和丽,3.50%,119,83.51%,12,19,,87,,,,
海尔思,3.49%,179,35.76%,14,17,,88,,,,
太湖雪,7.70%,74,42.48%,14,12,,93,,,,
优合科技,2.10%,14,67.87%,11,10,,87,,,,
润蓝环保,0.95%,16,25.92%,13,16,,83,,,,
时代华商,4.42%,25,57.99%,13,12,,87,,,,
广尔数码,7.47%,60,92.48%,11,13,,90,,,,
金证互通,9.95%,106,34.87%,15,11,,91,,,,
锐驰高科,3.50%,55,25.38%,12,18,,87,,,,
三浦车库,3.43%,79,58.05%,9,12,,83,,,,
景然环境,-4.64%,39,69.16%,11,13,,82,,,,
纯聚科技,9.12%,122,52.68%,9,11,,87,,,,
德孚转向,9.34%,50,35.88%,13,12,,92,,,,
新港联行,3.63%,341,74.25%,13,11,,84,,,,
金润股份,13.13%,21,25.73%,11,19,,92,,,,
晶珠藏药,1.15%,151,8.09%,13,9,,80,,,,
云网科技,1.99%,113,41.59%,10,10,,83,,,,
恒实股份,6.87%,128,26.54%,14,18,,90,,,,
祈禧股份,4.66%,75,71.32%,7,12,,89,,,,
正信光电,9.30%,590,87.44%,15,12,,88,,,,
轻叶能源,19.26%,51,12.45%,13,13,,90,,,,
亿嘉股份,5.00%,111,59.24%,12,12,,87,,,,
格蕾特,3.55%,52,60.26%,7,12,,87,,,,
远正智能,0.29%,39,25.00%,12,12,,83,,,,
光环国际,12.88%,106,42.20%,14,13,,93,,,,
成德科技,1.93%,122,58.82%,13,16,,81,,,,
仁通档案,3.87%,151,39.26%,6,15,,85,,,,
鑫英泰,-4.88%,60,29.86%,11,12,,80,,,,
创信股份,8.35%,106,34.17%,14,12,,92,,,,
天盛股份,4.87%,109,31.20%,10,14,,89,,,,
康平铁科,-4.45%,156,27.95%,9,6,,78,,,,
豫王建能,2.87%,182,50.78%,14,15,,84,,,,
宏正设计,3.55%,349,49.21%,7,14,,85,,,,
大唐科技,12.82%,62,50.94%,13,12,,89,,,,
环能设计,2.20%,359,67.80%,13,17,,87,,,,
新封生态,-2.00%,78,52.63%,11,7,,77,,,,
可思克,-7.88%,67,53.03%,11,无数据,,78,,,,
文龙中美,5.89%,26,48.25%,14,13,,91,,,,
合佳医药,3.91%,187,40.30%,10,11,,86,,,,
谷实生物,10.51%,193,46.54%,11,15,,93,,,,
世珍股份,4.76%,53,51.32%,12,12,,87,,,,
中联橡胶,0.68%,387,33.40%,9,18,,82,,,,
江苏金色,-12.10%,59,78.83%,12,11,,74,,,,
陕通股份,3.29%,173,41.16%,15,14,,88,,,,
佳鹏股份,26.03%,37,56.19%,13,无数据,,90,,,,
锦美环保,0.25%,281,22.72%,13,17,,83,,,,
置富科技,6.22%,111,40.26%,14,11,,90,,,,
豪声电子,10.11%,1071,63.15%,10,16,,89,,,,
宇之光,8.33%,80,22.86%,8,12,,90,,,,
月新科技,-9.95%,18,68.27%,14,无数据,,82,,,,
邦源环保,2.12%,22,13.16%,12,12,,85,,,,
优客传媒,-2.83%,18,52.62%,11,12,,78,,,,
思迅软件,18.30%,126,18.00%,14,11,,89,,,,
风景园林,4.80%,449,62.19%,14,17,,89,,,,
瑞星时光,13.66%,42,42.89%,12,11,,92,,,,
恒泰科技,-5.72%,26,67.92%,8,11,,79,,,,
信力科技,5.63%,33,36.71%,6,16,,88,,,,
春光药装,21.35%,106,53.92%,12,13,,89,,,,
欧曼科技,6.11%,308,41.80%,12,12,,89,,,,
招金膜天,2.75%,184,57.17%,13,16,,84,,,,
海天消防,194.00%,59,30.49%,14,13,,92,,,,
华原股份,6.38%,398,52.50%,14,15,,85,,,,
东岳机械,2.41%,232,68.37%,12,13,,87,,,,
伊斯佳,-2.84%,81,22.60%,13,17,,81,,,,
诺安智能,7.81%,48,27.13%,11,17,,92,,,,
绿洲源,-3.93%,123,52.99%,10,14,,77,,,,
国文股份,5.89%,71,54.54%,10,12,,86,,,,
金坤新材,11.08%,22,58.79%,7,12,,88,,,,
星震同源,-3.71%,39,28.79%,11,11,,79,,,,
恒源科技,24.33%,15,32.29%,9,12,,91,,,,
旋荣科技,1.11%,26,33.18%,13,13,,84,,,,
钜芯集成,0.56%,179,6.83%,8,12,,80,,,,
阳光中科,10.84%,61,71.94%,11,11,,91,,,,
天星股份,0.72%,53,36.38%,13,10,,83,,,,
弘扬软件,1.33%,20,33.06%,13,7,,83,,,,
延安医药,4.94%,156,23.91%,12,19,,90,,,,
闽雄生物,-4.15%,169,44.57%,9,13,,81,,,,
动力未来,4.55%,98,26.70%,10,13,,88,,,,
多宾陈列,-2.51%,63,34.60%,13,12,,81,,,,
青藤文化,10.69%,284,39.05%,12,12,,91,,,,
一特医疗,3.72%,130,71.82%,12,14,,87,,,,
宜净环保,6.78%,196,51.03%,9,12,,86,,,,
广东威林,5.93%,46,57.26%,13,12,,87,,,,
圣剑网络,9.65%,119,6.89%,7,12,,88,,,,
索纳塔,2.72%,134,36.68%,13,15,,87,,,,
道博尔,1.61%,37,44.25%,9,12,,84,,,,
圣力智能,3.27%,185,62.55%,13,13,,88,,,,
壹创国际,4.73%,108,37.03%,11,13,,90,,,,
嘉利通,-3.35%,26,39.08%,14,13,,81,,,,
淳博传播,2.79%,47,23.18%,12,10,,85,,,,
金穗隆,8.36%,65,14.27%,8,13,,89,,,,
升拓检测,2.86%,111,23.38%,7,14,,85,,,,
兴华设计,-6.54%,27,23.14%,9,7,,77,,,,
思柏科技,4.61%,49,61.44%,14,16,,91,,,,
森锐科技,4.13%,38,29.50%,12,13,,89,,,,
视瑞特,15.48%,28,22.89%,13,无数据,,92,,,,
天昱园,14.31%,44,18.90%,13,13,,90,,,,
骏途网,1.24%,174,51.13%,9,18,,81,,,,
航天数维,-1.72%,25,46.15%,9,8,,80,,,,
盛昌电气,2.40%,120,42.82%,9,11,,86,,,,
睿路传播,3.32%,72,41.14%,12,18,,89,,,,
雅励股份,1.06%,47,49.05%,9,17,,85,,,,
西施兰,14.38%,107,8.20%,12,11,,88,,,,
三英精密,1.47%,35,25.26%,8,15,,82,,,,
田中科技,5.46%,33,22.91%,13,11,,88,,,,
欣源股份,32.76%,67,58.79%,13,13,,89,,,,
晟烨股份,9.93%,39,49.81%,11,12,,93,,,,
思亿欧,16.51%,77,76.90%,10,16,,91,,,,
一致魔芋,12.49%,92,12.09%,10,17,,90,,,,
众信科技,0.71%,23,8.65%,12,12,,81,,,,
嘉合智能,3.70%,251,63.01%,11,11,,86,,,,
万盛科技,0.54%,54,46.97%,14,6,,84,,,,
金百汇,5.69%,22,30.58%,13,11,,89,,,,
方大咨询,10.75%,157,44.17%,13,11,,92,,,,
八达股份,1.85%,62,13.14%,11,18,,83,,,,
中科达信,2.18%,56,47.70%,13,11,,87,,,,
优信无限,1.94%,53,57.89%,10,15,,80,,,,
长城网科,-3.79%,62,43.23%,13,11,,81,,,,
华海股份,4.64%,54,22.66%,12,8,,88,,,,
互邦电力,13.17%,25,62.85%,13,19,,94,,,,
翔飞科技,0.61%,4,15.37%,8,无数据,,82,,,,
为正生物,62.08%,6,22.53%,7,12,,90,,,,
欧福蛋业,5.71%,100,29.07%,14,16,,89,,,,
润华保险,1.01%,12,1.62%,13,12,,81,,,,
金恒新材,6.82%,65,54.04%,11,11,,86,,,,
安居乐,1.13%,139,37.61%,13,15,,84,,,,
涛生医药,-14.44%,76,55.96%,13,7,,71,,,,
控汇股份,17.80%,43,49.28%,14,13,,93,,,,
天德泰,-4.96%,31,31.62%,9,18,,81,,,,
由我科技,3.42%,19,33.35%,12,13,,87,,,,
兴中能源,4.94%,576,6.19%,14,无数据,,85,,,,
新一站,-26.65%,193,43.38%,12,18,,75,,,,
时代光影,-9.45%,1493,40.38%,13,7,,77,,,,
旭彤电子,4.40%,15,21.30%,11,12,,89,,,,
用友金融,3.00%,383,33.12%,15,18,,86,,,,
联合同创,-8.75%,57,37.32%,12,17,,81,,,,
并行科技,-23.26%,459,71.92%,10,14,,69,,,,
西南检测,9.05%,95,58.73%,5,19,,88,,,,
今鼎股份,22.86%,98,91.37%,13,12,,90,,,,
瞳景物联,11.09%,8,56.04%,13,16,,89,,,,
护航科技,8.93%,85,17.89%,9,13,,89,,,,
建伟物流,5.60%,76,71.38%,13,17,,91,,,,
中原物流,5.17%,346,32.17%,13,17,,89,,,,
安耐杰,4.67%,37,16.94%,12,17,,89,,,,
远茂股份,15.03%,154,46.40%,8,18,,93,,,,
振有电子,5.12%,29,52.86%,14,无数据,,88,,,,
瑞铂科技,4.58%,568,74.23%,15,12,,87,,,,
中瑞医药,3.78%,14,60.26%,14,13,,88,,,,
力通科技,2.91%,238,60.15%,11,12,,87,,,,
图南电子,8.63%,33,49.95%,11,11,,92,,,,
晟琪科技,8.85%,39,39.35%,15,13,,92,,,,
君信品牌,-10.40%,60,46.63%,8,12,,75,,,,
华糖云商,8.51%,131,13.81%,12,无数据,,91,,,,
吉通股份,4.09%,30,60.52%,13,12,,91,,,,
仪美医科,12.48%,117,72.83%,12,14,,92,,,,
威星电子,9.43%,72,68.32%,12,7,,92,,,,
湖北兴欣,0.91%,269,25.98%,13,12,,82,,,,
华涂股份,7.26%,104,20.66%,10,16,,90,,,,
金鑫绿建,4.27%,43,62.61%,13,14,,91,,,,
锐速智能,6.07%,85,41.60%,12,14,,91,,,,
宁新新材,6.41%,2299,56.68%,10,20,,84,,,,
讯华电讯,0.98%,31,30.19%,9,19,,84,,,,
建业集团,8.58%,113,31.85%,13,16,,92,,,,
红河谷,-1.41%,61,23.62%,13,12,,80,,,,
瑞科汉斯,-1.63%,832,33.66%,15,12,,78,,,,
中构新材,8.19%,29,65.02%,14,18,,94,,,,
仟客莱,4.16%,32,36.97%,12,13,,90,,,,
东和新材,9.78%,103,29.27%,9,18,,91,,,,
唐山华熠,2.77%,60,31.73%,9,12,,86,,,,
中德生物,-10.80%,119,42.72%,8,12,,75,,,,
赛肯思,-1.51%,52,31.42%,13,12,,81,,,,
万久科技,6.83%,9,42.24%,11,12,,91,,,,
赢家伟业,3.41%,69,37.71%,13,10,,86,,,,
铭博股份,8.45%,186,69.52%,12,10,,92,,,,
晶晟股份,1.15%,18,51.67%,9,15,,80,,,,
瑞尔泰,7.70%,21,54.05%,9,14,,88,,,,
伟泰科技,15.82%,130,61.12%,6,9,,90,,,,
大牧汗,-0.90%,90,27.16%,14,7,,79,,,,
长城搅拌,16.48%,651,71.17%,4,无数据,,88,,,,
贺斯特,2.21%,18,66.66%,12,16,,88,,,,
粤嵌科技,-6.02%,54,38.70%,13,12,,80,,,,
德中技术,-7.16%,154,54.17%,9,13,,76,,,,
神州精工,3.72%,55,61.54%,13,12,,88,,,,
用友汽车,13.14%,422,33.82%,14,17,,90,,,,
汇杰设计,7.01%,26,40.40%,13,13,,93,,,,
客家银行,-2.10%,1336,94.97%,7,13,,75,,,,
景春园林,0.69%,371,80.91%,13,12,,81,,,,
江南电机,0.84%,10,19.93%,12,无数据,,83,,,,
中德诺浩,2.30%,94,21.36%,10,17,,86,,,,
安捷股份,14.02%,59,37.48%,13,19,,93,,,,
宏灿股份,8.80%,71,46.72%,14,13,,93,,,,
华金科技,9.83%,196,45.26%,13,12,,93,,,,
思源股份,1.01%,64,65.91%,12,12,,85,,,,
图腾信息,11.03%,37,29.80%,14,7,,90,,,,
华翔控股,0.78%,56,56.41%,13,12,,81,,,,
北方时代,-2.14%,64,70.78%,13,14,,81,,,,
创易技研,8.68%,74,40.81%,9,12,,92,,,,
海融医药,-123.97%,61,87.83%,12,18,,73,,,,
力美照明,25.29%,20,71.48%,12,14,,92,,,,
南海网,-3.83%,376,50.18%,14,15,,76,,,,
柯美特,5.39%,543,65.15%,13,16,,88,,,,
金晖股份,6.22%,137,60.35%,7,12,,90,,,,
昂捷信息,6.32%,55,37.91%,11,12,,90,,,,
安邦电气,4.27%,12,18.49%,10,13,,87,,,,
XD人人游,5.98%,556,36.82%,12,6,,86,,,,
光博士,13.33%,57,26.74%,9,11,,89,,,,
安源管道,2.51%,310,37.97%,11,12,,85,,,,
虎巴股份,-3.80%,186,50.09%,8,7,,76,,,,
博源股份,2.49%,296,58.29%,15,7,,82,,,,
宇林德,5.59%,37,52.44%,9,13,,86,,,,
倍益康,28.67%,66,37.29%,14,14,,92,,,,
华聪股份,8.21%,72,26.24%,15,12,,91,,,,
特通电气,-17.76%,33,76.19%,12,12,,75,,,,
源悦汽车,10.10%,62,61.90%,15,12,,93,,,,
易捷通,3.67%,42,53.48%,10,17,,84,,,,
邦力达,6.62%,30,14.22%,9,12,,87,,,,
雄峰股份,3.83%,79,70.04%,13,17,,88,,,,
大酉科技,7.72%,35,85.47%,11,7,,90,,,,
中网华信,-1.05%,52,47.80%,14,12,,82,,,,
康通电子,1.87%,64,25.46%,11,12,,83,,,,
松石科技,20.44%,49,28.83%,11,无数据,,92,,,,
传味股份,-12.69%,41,78.44%,15,14,,75,,,,
中天新能,18.70%,42,39.83%,13,13,,92,,,,
和和新材,5.31%,50,37.41%,12,17,,91,,,,
众志达,4.94%,181,66.80%,12,11,,90,,,,
建院股份,4.19%,186,68.53%,14,13,,91,,,,
安达农森,24.99%,53,69.66%,12,12,,93,,,,
飞利富,1.12%,17,44.96%,8,14,,84,,,,
西部重工,1.72%,612,71.97%,13,12,,81,,,,
七九七,4.24%,123,15.61%,12,12,,88,,,,
浦漕科技,4.03%,33,42.35%,12,12,,91,,,,
华西易通,4.52%,577,86.61%,13,16,,86,,,,
泽宏科技,1.01%,22,47.94%,13,7,,84,,,,
博汇特,0.73%,50,50.15%,9,17,,81,,,,
正邦电子,7.44%,35,26.28%,7,7,,89,,,,
环威股份,5.02%,190,58.67%,10,14,,86,,,,
龙兴钛业,1.21%,63,55.60%,10,13,,80,,,,
隆济时,-3.07%,29,38.28%,8,12,,80,,,,
泰德网聚,5.53%,36,22.37%,8,17,,89,,,,
丰安股份,8.65%,9672,24.42%,9,12,,87,,,,
索拉特,10.73%,57,53.01%,8,12,,88,,,,
东铭新材,9.00%,32,49.43%,10,无数据,,93,,,,
快达农化,9.64%,89,22.74%,12,13,,91,,,,
红岭云,2.30%,82,23.15%,11,16,,86,,,,
浪潮消防,4.70%,124,38.93%,13,11,,89,,,,
弘基时尚,-3.63%,61,36.71%,11,10,,80,,,,
富润科技,-1.47%,26,19.79%,12,12,,79,,,,
一天电气,12.84%,250,52.71%,12,12,,88,,,,
吉小棉袄,8.19%,223,34.92%,14,13,,91,,,,
振强科技,16.81%,10,49.99%,12,无数据,,94,,,,
启明星,8.10%,32,38.24%,14,14,,92,,,,
印象股份,-6.56%,213,26.55%,13,11,,77,,,,
精通电力,1.28%,226,49.84%,13,11,,83,,,,
科域生物,16.83%,12,21.70%,12,15,,91,,,,
天祥集团,2.61%,1512,85.53%,13,13,,83,,,,
厚基股份,4.91%,8,65.40%,12,18,,92,,,,
普瑾特,10.96%,91,27.04%,9,12,,90,,,,
森源达,15.88%,102,66.39%,10,14,,92,,,,
中孚环境,3.15%,61,54.70%,13,16,,84,,,,
泰莱电气,3.97%,130,50.71%,8,18,,84,,,,
良讯股份,-4.85%,99,42.53%,12,13,,82,,,,
鸿智科技,11.64%,49,52.60%,13,无数据,,90,,,,
利洋股份,4.19%,39,8.24%,13,11,,86,,,,
科源新材,-1.79%,72,21.60%,6,12,,78,,,,
蓝色星际,5.68%,138,28.60%,8,13,,88,,,,
斯科瑞,10.82%,103,49.50%,12,16,,93,,,,
中草香料,18.95%,26,43.64%,15,14,,93,,,,
皖创环保,9.35%,131,75.98%,13,12,,92,,,,
科志股份,14.07%,25,58.79%,14,18,,90,,,,
赛富电力,0.46%,103,44.40%,14,12,,85,,,,
高速传媒,0.70%,162,38.75%,15,19,,85,,,,
鼎欣科技,5.81%,1355,51.70%,8,13,,83,,,,
金浔股份,25.58%,76,37.22%,13,13,,92,,,,
绿亨科技,6.66%,195,9.68%,16,12,,88,,,,
元盛塑业,10.38%,22,49.72%,10,无数据,,93,,,,
杭州路桥,9.55%,778,80.85%,14,13,,88,,,,
卓硕电子,-5.50%,121,47.61%,8,7,,79,,,,
中恒通,6.06%,426,79.96%,11,14,,87,,,,
常熟古建,4.78%,359,85.22%,6,14,,85,,,,
视声智能,11.96%,59,31.20%,13,16,,92,,,,
凯安智能,8.78%,45,50.70%,8,13,,88,,,,
新荣昌,3.23%,55,49.67%,15,12,,88,,,,
中百信,-5.25%,89,43.43%,13,12,,81,,,,
天缘股份,4.35%,31,37.48%,12,11,,89,,,,
爱德利,1.40%,81,31.30%,13,17,,85,,,,
卓力昕,6.98%,30,43.20%,14,12,,91,,,,
太环股份,7.18%,87,67.84%,11,12,,93,,,,
恒源洁具,10.86%,43,56.14%,13,11,,88,,,,
天和环保,6.56%,73,37.93%,5,11,,87,,,,
休恩科技,-9.75%,42,31.27%,13,12,,80,,,,
龙翔药业,0.56%,2267,67.26%,14,9,,81,,,,
豪能科技,10.13%,75,63.22%,11,12,,93,,,,
得益节能,0.79%,49,59.42%,11,17,,82,,,,
北京大源,1.53%,44,46.45%,13,18,,86,,,,
天济草堂,4.91%,3431,12.40%,14,13,,85,,,,
沐家家居,2.17%,36,70.08%,13,无数据,,88,,,,
润康生态,1.91%,240,15.71%,12,11,,80,,,,
合顺兴,5.63%,35,33.04%,14,11,,89,,,,
蓝耘科技,12.14%,37,56.01%,13,12,,89,,,,
金盾电子,10.93%,20,14.21%,13,无数据,,91,,,,
邦禾生态,-0.56%,91,15.64%,10,20,,79,,,,
嘉缘花木,2.95%,97,42.96%,14,17,,89,,,,
合力创新,9.22%,59,39.01%,12,12,,92,,,,
熊猫文旅,-18.74%,38,37.92%,13,11,,74,,,,
东元环境,2.82%,258,52.02%,13,13,,83,,,,
吉田股份,2.97%,15,23.39%,8,13,,85,,,,
莱赛激光,11.92%,34,35.97%,9,无数据,,92,,,,
关爱通,11.07%,1130,84.77%,11,10,,87,,,,
华浩环保,3.30%,132,74.95%,14,11,,86,,,,
旺峰肉业,2.58%,100,70.24%,12,17,,88,,,,
世环新材,14.94%,44,30.85%,13,17,,93,,,,
丰润生物,3.71%,99,67.20%,11,13,,88,,,,
优比贝柠,2.58%,34,37.01%,8,13,,86,,,,
裕龙农牧,2.54%,3,41.87%,12,8,,87,,,,
森电电力,5.03%,55,51.10%,12,14,,87,,,,
同泰生物,4.50%,59,36.03%,7,14,,89,,,,
广珠物流,3.97%,167,79.55%,14,无数据,,88,,,,
立信数据,-14.51%,101,45.78%,10,13,,75,,,,
商林科技,7.96%,13,16.08%,10,11,,88,,,,
鸿泰时尚,6.27%,29,29.60%,7,10,,87,,,,
华建股份,12.12%,35,37.38%,14,11,,91,,,,
中尚传媒,3.93%,56,44.31%,12,17,,89,,,,
景古环境,5.10%,38,67.59%,12,10,,90,,,,
德全药品,7.55%,62,36.31%,13,17,,93,,,,
华芯微,8.08%,59,8.08%,6,18,,88,,,,
丰众建科,0.09%,109,43.72%,8,16,,84,,,,
巨能股份,16.76%,73,63.17%,9,16,,92,,,,
中运科技,9.09%,46,29.49%,11,15,,91,,,,
鼎峰科技,10.00%,127,27.34%,12,18,,92,,,,
飞利达,15.80%,115,53.43%,15,12,,89,,,,
埃文低碳,2.74%,123,37.32%,9,8,,85,,,,
石大能源,7.88%,12,35.64%,13,11,,91,,,,
客都股份,-4.41%,183,36.82%,10,15,,80,,,,
海易通,2.29%,55,56.52%,13,14,,84,,,,
威力传动,7.99%,45,72.76%,14,无数据,,93,,,,
华电光大,2.24%,127,32.21%,10,11,,85,,,,
新威凌,8.71%,54,28.85%,9,15,,90,,,,
祥生科技,48.71%,18,28.40%,10,14,,90,,,,
航桥国际,35.40%,62,45.89%,12,12,,93,,,,
知行股份,6.16%,91,48.67%,17,14,,92,,,,
德衡股份,10.80%,325,11.48%,12,无数据,,89,,,,
上源环保,10.35%,41,65.55%,11,18,,94,,,,
易景环境,-2.16%,33,47.39%,14,13,,82,,,,
中裕科技,13.55%,39,45.52%,13,16,,93,,,,
飞宇电力,-7.51%,111,69.09%,12,15,,81,,,,
鸿网股份,7.38%,102,32.85%,14,14,,92,,,,
润元户外,8.68%,27,42.82%,11,无数据,,94,,,,
海星通,3.47%,52,13.92%,12,14,,85,,,,
先众能源,12.24%,79,48.73%,7,14,,92,,,,
健仕股份,6.78%,49,67.84%,13,8,,90,,,,
太重向明,6.52%,119,54.08%,13,15,,87,,,,
伊创科技,3.27%,23,57.05%,11,无数据,,85,,,,
修路人,9.46%,19,17.36%,12,18,,91,,,,
天启新材,17.75%,8,9.60%,5,14,,87,,,,
万杰科技,14.02%,10,39.40%,9,无数据,,92,,,,
五五科技,31.73%,89,29.88%,13,14,,91,,,,
中银金行,-1.39%,90,21.73%,10,12,,79,,,,
琪玥环保,-11.70%,62,79.68%,13,15,,75,,,,
力源电力,4.56%,201,59.19%,12,16,,86,,,,
博纳斯威,11.32%,103,34.38%,9,11,,90,,,,
贝参药业,4.68%,78,40.23%,6,15,,89,,,,
永锋科技,3.85%,90,64.46%,14,13,,88,,,,
闽威实业,9.99%,861,21.35%,11,11,,87,,,,
金洁环境,4.11%,8,49.36%,13,10,,90,,,,
联星股份,11.01%,16,29.85%,12,16,,91,,,,
阖天下,7.51%,19,58.13%,9,15,,88,,,,
锦洋新材,2.47%,72,31.09%,12,10,,86,,,,
娜其尔,-0.06%,18,50.62%,9,10,,76,,,,
国创节能,4.50%,153,50.39%,11,12,,87,,,,
朝霞文化,5.76%,28,10.21%,12,10,,87,,,,
江苏迈达,10.98%,52,64.06%,9,无数据,,93,,,,
恒康药房,11.77%,9440,69.33%,11,12,,90,,,,
肯特智能,34.66%,55,37.72%,8,13,,91,,,,
自然种猪,-9.15%,23,16.67%,12,11,,77,,,,
纬而视,2.08%,77,48.71%,8,16,,87,,,,
裕峰环境,5.46%,102,38.62%,13,17,,91,,,,
唯车电商,23.59%,569,99.08%,8,9,,85,,,,
味正品康,12.60%,14,36.55%,12,9,,91,,,,
隆盛泰,-5.53%,190,13.74%,12,15,,78,,,,
宝鸿新材,3.07%,57,60.36%,12,无数据,,89,,,,
正中信息,2.64%,37,36.89%,12,13,,87,,,,
天诚通信,12.48%,213,54.07%,13,8,,87,,,,
智信信息,0.68%,32,19.38%,13,17,,83,,,,
群星明,6.19%,90,63.99%,7,16,,90,,,,
大地牧业,-21.97%,6066,84.03%,14,11,,68,,,,
惠而顺,5.19%,46,38.60%,12,12,,90,,,,
宏基新材,11.12%,15,44.87%,12,14,,93,,,,
中苏科技,13.52%,115,48.09%,14,11,,92,,,,
南大智慧,5.97%,151,63.03%,13,18,,92,,,,
东日环保,8.54%,14,49.51%,12,7,,92,,,,
睿中实业,-1.15%,86,27.55%,9,18,,80,,,,
风行测控,10.78%,26,17.11%,13,14,,90,,,,
卡特马克,12.24%,31,82.19%,10,12,,90,,,,
盛达科技,-2.07%,18,16.88%,13,17,,80,,,,
英华融泰,18.08%,21,19.16%,7,15,,89,,,,
润康科技,9.40%,45,63.87%,13,17,,94,,,,
长江期货,7.32%,645,86.46%,13,15,,88,,,,
雷神科技,5.97%,237,60.83%,11,12,,90,,,,
宇洪科技,2.81%,631,44.59%,11,10,,84,,,,
欣隆环保,4.15%,40,45.31%,12,11,,90,,,,
博可生物,4.82%,39,8.59%,13,12,,87,,,,
三向股份,-1.30%,40,61.55%,12,11,,81,,,,
润和催化,6.10%,202,50.46%,10,14,,85,,,,
高发气体,17.14%,100,55.30%,12,5,,88,,,,
瑞普股份,-2.52%,81,31.73%,12,11,,80,,,,
青岛积成,3.42%,202,38.35%,13,15,,86,,,,
瀚天智能,2.18%,40,49.64%,6,12,,86,,,,
新农人,12.55%,49,45.66%,12,11,,92,,,,
金鑫新材,12.42%,58,67.12%,6,14,,91,,,,
银山股份,1.71%,70,48.66%,11,12,,85,,,,
金米特,9.28%,52,25.41%,14,14,,91,,,,
百丰医药,3.62%,54,60.72%,13,15,,88,,,,
金发股份,11.00%,2439,42.61%,13,18,,91,,,,
华达建业,11.49%,25,28.43%,11,13,,91,,,,
铝泰股份,5.88%,19,34.85%,12,13,,90,,,,
建工新科,3.68%,278,48.05%,13,无数据,,88,,,,
天浩科技,7.98%,14,24.69%,12,无数据,,92,,,,
科隆智谷,3.03%,73,58.27%,13,12,,84,,,,
康亚药业,1.16%,115,26.94%,6,15,,81,,,,
西信信息,-32.85%,407,58.04%,9,11,,65,,,,
丽宫食品,17.24%,55,45.88%,13,11,,92,,,,
磐电科技,6.20%,18,30.72%,12,16,,90,,,,
卓奥科技,5.26%,18,26.07%,7,11,,87,,,,
同泽股份,7.77%,139,50.05%,12,12,,89,,,,
通慧科技,4.94%,53,40.92%,12,17,,92,,,,
华光源海,11.81%,103,62.33%,12,17,,94,,,,
轩慧科技,-3.12%,54,39.72%,12,16,,81,,,,
华泓新材,3.66%,34,39.75%,12,18,,88,,,,
云里物里,10.50%,63,26.53%,9,13,,90,,,,
农好股份,1.77%,97,34.36%,11,9,,83,,,,
小蝉传媒,-14.10%,22,93.98%,14,15,,73,,,,
佳合科技,7.53%,40,32.55%,11,12,,92,,,,
博瑞生物,2.69%,20,29.86%,12,12,,86,,,,
荣骏检测,9.52%,84,49.59%,6,13,,91,,,,
泰铂科技,6.46%,34,60.39%,11,无数据,,92,,,,
百达智能,7.33%,62,50.29%,12,12,,89,,,,
华清环境,1.97%,55,29.67%,13,18,,84,,,,
明易达,16.30%,69,60.52%,12,16,,93,,,,
晶石能源,9.16%,110,33.63%,12,12,,92,,,,
飞安瑞,5.08%,12,18.30%,12,11,,87,,,,
林海生态,8.45%,38,74.93%,13,12,,92,,,,
上海生农,11.35%,57,44.92%,8,18,,93,,,,
龙成消防,5.34%,38,70.51%,13,18,,91,,,,
昱品科技,2.40%,94,39.45%,12,15,,87,,,,
阳江港,1.01%,126,42.67%,12,无数据,,86,,,,
凯鸿物流,10.60%,128,67.04%,11,15,,93,,,,
四川赛狄,1.10%,33,28.44%,7,16,,82,,,,
新日月,19.64%,175,72.20%,14,10,,91,,,,
羊羊股份,0.28%,35,53.93%,10,11,,79,,,,
智林信息,0.51%,49,32.14%,6,13,,82,,,,
华兴科技,8.26%,12,41.42%,7,14,,92,,,,
启创环境,1.65%,112,45.30%,9,16,,84,,,,
时代银通,1.09%,17,38.31%,12,13,,84,,,,
腾飞人才,13.00%,595,58.13%,13,16,,86,,,,
喜跃发,3.76%,36,53.73%,12,15,,84,,,,
圣氏化学,2.12%,52,38.87%,8,11,,85,,,,
铁大科技,2.77%,183,40.19%,9,16,,87,,,,
长河科技,-0.29%,29,39.58%,8,11,,79,,,,
怡申股份,6.13%,110,68.79%,10,无数据,,91,,,,
鸿润食品,0.66%,163,53.86%,12,6,,80,,,,
富尔特,6.31%,52,47.36%,7,14,,90,,,,
艾瑞技术,1.38%,49,80.88%,10,15,,82,,,,
巴中公用,5.40%,1192,59.56%,14,无数据,,85,,,,
潮白环保,6.47%,62,36.13%,10,无数据,,90,,,,
海通期货,5.08%,1210,94.30%,13,5,,84,,,,
中物网,1.52%,52,52.30%,13,13,,81,,,,
天利热工,2.81%,62,39.00%,12,9,,86,,,,
妙音数科,9.50%,55,29.18%,12,10,,90,,,,
钢劲型钢,10.91%,64,61.26%,13,15,,93,,,,
零奔洋,2.02%,90,51.68%,11,10,,83,,,,
交设股份,5.07%,142,42.65%,10,11,,89,,,,
景弘盛,7.97%,61,53.31%,13,10,,88,,,,
天朔医疗,5.76%,20,55.78%,12,9,,86,,,,
康乾大成,9.83%,51,62.09%,12,16,,93,,,,
菁华生态,-5.11%,17,65.46%,8,12,,80,,,,
巍特环境,13.93%,29,36.87%,10,14,,91,,,,
中机试验,2.77%,457,41.52%,11,16,,85,,,,
弘高科技,-24.22%,89,87.95%,12,无数据,,73,,,,
渝网科技,13.92%,147,47.28%,10,5,,91,,,,
凯凯科技,4.93%,2348,44.65%,14,12,,88,,,,
宏宇环境,-1.02%,73,49.81%,14,13,,82,,,,
晋龙股份,7.96%,61,35.16%,9,11,,90,,,,
玮硕恒基,15.78%,130,44.59%,10,16,,92,,,,
益康药业,1.35%,2949,46.96%,9,10,,80,,,,
核力欣健,6.31%,41,46.32%,12,15,,91,,,,
恒泰新科,14.37%,187,34.82%,12,无数据,,93,,,,
四零七,5.86%,42,40.46%,13,11,,90,,,,
瑞华技术,5.11%,39,43.32%,13,13,,91,,,,
瀛海股份,1.35%,269,50.85%,12,7,,79,,,,
春阳股份,13.09%,113,85.85%,13,16,,91,,,,
花溪科技,11.03%,95,25.64%,13,15,,91,,,,
新威环境,12.43%,70,23.14%,12,17,,92,,,,
富铭环保,8.97%,60,28.57%,12,11,,90,,,,
码尚科技,5.55%,44,43.22%,8,无数据,,91,,,,
无锡鼎邦,13.12%,17,55.51%,12,17,,90,,,,
正潭股份,30.36%,29,44.44%,12,18,,94,,,,
快乐番薯,14.20%,19,48.13%,11,无数据,,94,,,,
伟大节能,-5.80%,324,84.92%,12,无数据,,78,,,,
天泉药业,3.35%,82,25.44%,7,无数据,,86,,,,
国子软件,1.70%,20,19.54%,13,无数据,,83,,,,
硕恩网络,11.61%,66,30.63%,11,16,,92,,,,
蓉中电气,5.94%,102,59.69%,8,10,,85,,,,
荣鑫股份,12.96%,328,45.19%,11,14,,91,,,,
东方世纪,-8.36%,48,50.40%,12,18,,78,,,,
油田科技,7.55%,54,10.41%,7,15,,89,,,,
源泉股份,5.51%,96,67.63%,11,10,,90,,,,
纬达光电,8.66%,287,7.66%,12,15,,88,,,,
永通生态,12.11%,30,27.32%,12,15,,91,,,,
和天下,4.23%,1435,52.70%,7,无数据,,84,,,,
渝欧跨境,13.72%,202,63.44%,10,18,,92,,,,
永昌股份,12.40%,55,67.86%,12,无数据,,94,,,,
新动向,-4.80%,33,37.39%,11,15,,81,,,,
绿洋环境,10.49%,5,53.37%,8,10,,87,,,,
畅越飞平,9.18%,32,21.60%,12,7,,90,,,,
华夏高科,6.05%,35,74.09%,12,17,,91,,,,
中基国威,9.07%,71,25.95%,8,14,,90,,,,
康远股份,4.76%,459,57.29%,12,14,,84,,,,
捷甬达,7.82%,43,63.22%,10,无数据,,93,,,,
云科数据,6.11%,42,69.90%,13,14,,91,,,,
欧瑞欣合,4.07%,171,18.03%,7,18,,88,,,,
佳农股份,12.96%,25,69.49%,12,17,,94,,,,
荣程新材,1.27%,116,76.60%,13,10,,83,,,,
金新城,14.08%,509,44.21%,12,无数据,,91,,,,
莱恩光电,17.21%,23,21.74%,4,14,,89,,,,
天朗节能,13.21%,42,56.41%,10,17,,89,,,,
民慧股份,3.15%,65,33.99%,12,16,,87,,,,
博菱电器,5.23%,1185,46.26%,13,16,,88,,,,
春晖园林,6.50%,71,50.99%,12,8,,86,,,,
友诚科技,4.63%,347,27.76%,13,11,,86,,,,
倍施特,4.12%,123,21.02%,8,12,,88,,,,
蓝天口腔,"1,88",44,45.56%,12,12,,93,,,,
山安蓝天,9.75%,1742,40.77%,12,13,,90,,,,
攸特电子,4.91%,47,71.49%,8,13,,89,,,,
朗晖数化,10.28%,102,42.65%,13,14,,93,,,,
三阳股份,5.18%,118,53.95%,12,无数据,,88,,,,
绿林幼教,10.00%,157,45.79%,11,无数据,,94,,,,
山东博丽,18.93%,13,41.42%,12,无数据,,94,,,,
泰鹏智能,22.91%,68,74.03%,12,15,,92,,,,
高新公用,3.68%,55,67.14%,12,无数据,,89,,,,
中天行,-6.82%,44,63.38%,12,5,,80,,,,
天宏锂电,11.29%,24,53.35%,7,11,,87,,,,
爱特电子,1.68%,82,32.37%,8,6,,82,,,,
新赣江,9.41%,60,15.12%,13,9,,89,,,,
康源堂,11.02%,7,31.23%,11,16,,92,,,,
擎雷科技,12.23%,3,33.21%,11,无数据,,93,,,,
花巷股份,7.18%,78,54.90%,8,11,,87,,,,
如是集团,0.17%,601,28.80%,10,无数据,,80,,,,
百诺环境,6.12%,413,30.33%,12,15,,87,,,,
睿高股份,5.77%,38,50.90%,13,15,,87,,,,
科苑生物,3.08%,57,23.00%,12,13,,86,,,,
苏北股份,7.52%,71,46.79%,12,5,,92,,,,
联通智控,3.79%,2453,50.63%,11,无数据,,82,,,,
高达股份,9.65%,495,61.05%,13,17,,91,,,,
秦燕科技,17.35%,81,18.55%,11,无数据,,91,,,,
鲁铭新材,7.81%,174,54.13%,12,14,,89,,,,
骏峰科技,5.92%,111,37.09%,12,14,,90,,,,
九菱科技,5.05%,30,19.52%,13,13,,88,,,,
华齿口腔,-9.54%,215,82.30%,8,15,,77,,,,
佳能科技,10.19%,9623,41.62%,11,15,,90,,,,
东海长城,3.76%,205,56.21%,13,14,,83,,,,
中超伟业,-15.37%,82,45.85%,12,15,,76,,,,
汉森机械,9.98%,23,48.28%,6,16,,91,,,,
威宁能源,2.56%,514,83.36%,12,15,,83,,,,
凯利核服,6.89%,139,28.47%,12,14,,89,,,,
卡尔斯,10.29%,98,25.51%,8,10,,89,,,,
晓达股份,0.96%,11,54.88%,12,11,,80,,,,
中延菌业,1.25%,152,41.06%,12,12,,85,,,,
华阳制动,1.88%,52,56.50%,11,8,,80,,,,
捷创新材,8.47%,72,35.25%,7,13,,91,,,,
生态家园,10.45%,1,57.63%,11,无数据,,90,,,,
聚脉文化,3.97%,161,37.22%,12,14,,87,,,,
德桥股份,10.45%,31,71.61%,11,7,,91,,,,
隆基电磁,7.67%,761,40.89%,8,10,,88,,,,
齐鲁云商,8.16%,587,24.73%,10,11,,86,,,,
天一恩华,45.62%,39,58.76%,11,无数据,,90,,,,
苏一工院,12.19%,26,42.54%,12,11,,92,,,,
宝润达,3.83%,90,45.49%,11,10,,87,,,,
联城科技,4.90%,45,64.99%,11,无数据,,92,,,,
鼎丰股份,9.84%,32,24.65%,7,8,,89,,,,
银杉股份,10.26%,59,60.11%,6,11,,90,,,,
新中南,0.68%,9,32.43%,11,15,,84,,,,
山脉科技,-0.70%,116,42.11%,6,12,,80,,,,
思创科技,1.89%,758,19.96%,12,14,,79,,,,
崤云信息,-3.24%,52,23.81%,11,15,,80,,,,
小护士,0.36%,77,48.09%,12,12,,85,,,,
博克斯,8.98%,36,11.04%,10,11,,88,,,,
智慧交通,4.68%,389,34.63%,7,无数据,,88,,,,
三新股份,11.12%,21,44.30%,11,14,,93,,,,
金兰股份,15.13%,23,47.95%,5,14,,91,,,,
牧同科技,5.37%,47,30.35%,5,17,,89,,,,
华友文保,4.28%,27,14.91%,12,12,,88,,,,
先锋股份,1.40%,17,21.99%,9,无数据,,83,,,,
信测通信,10.49%,15,13.35%,6,无数据,,89,,,,
华联医疗,10.47%,84,31.45%,11,11,,91,,,,
华成工控,5.20%,524,26.76%,11,12,,86,,,,
明远创意,7.94%,25,58.32%,11,15,,89,,,,
博大新材,7.23%,45,52.07%,11,无数据,,90,,,,
坤博精工,10.78%,18,44.60%,9,9,,91,,,,
斯迈特,9.13%,35,43.41%,10,10,,91,,,,
西诺稀贵,7.18%,52,56.10%,11,11,,88,,,,
天力复合,14.36%,76,55.71%,12,13,,89,,,,
菲尔特,5.08%,67,63.03%,11,12,,91,,,,
新环精密,6.74%,755,41.43%,11,10,,87,,,,
鼎智科技,38.43%,87,26.51%,11,16,,91,,,,
振通检测,6.22%,22,32.28%,10,17,,90,,,,
辛巴科技,8.33%,7,81.06%,11,无数据,,92,,,,
联康信息,13.49%,61,48.47%,11,12,,93,,,,
超达新材,7.19%,1020,18.66%,11,无数据,,88,,,,
禧屋科技,17.95%,85,80.31%,8,无数据,,91,,,,
中能泰富,6.69%,46,6.14%,6,10,,84,,,,
博达软件,-11.18%,36,33.74%,9,13,,74,,,,
隆基仪表,2.70%,201,56.84%,4,11,,80,,,,
牦牛控股,8.17%,83,22.40%,6,8,,88,,,,
常荣电器,4.41%,26,15.51%,10,无数据,,88,,,,
科强股份,5.01%,94,21.23%,5,7,,86,,,,
冠森科技,7.77%,33,20.94%,8,7,,89,,,,
坤隆股份,2.08%,83,48.40%,11,7,,87,,,,
安达创展,3.63%,42,37.34%,11,11,,86,,,,
前进科技,5.41%,12,12.35%,11,无数据,,89,,,,
林泰新材,3.68%,70,43.28%,6,16,,86,,,,
讯方技术,2.62%,89,49.02%,7,6,,86,,,,
捷众科技,4.06%,22,15.99%,7,7,,86,,,,
阿为特,4.60%,41,27.28%,11,无数据,,90,,,,
XD海宏液,9.05%,303,29.13%,5,12,,87,,,,
捷瑞数字,12.69%,66,42.13%,5,无数据,,92,,,,
旭宇光电,1.04%,34,42.98%,11,15,,85,,,,
铁拓机械,4.15%,39,40.18%,10,16,,90,,,,
博生医材,5.66%,34,11.66%,10,5,,86,,,,
金则利,7.44%,101,20.01%,9,16,,90,,,,
能之光,7.42%,100,49.71%,5,8,,90,,,,
万源通,4.80%,92,72.03%,10,11,,88,,,,
浙江旅游,-1.71%,512,19.08%,11,15,,76,,,,
华腾新材,0.03%,308,15.06%,10,16,,79,,,,
佰源装备,5.27%,139,23.22%,11,8,,88,,,,
汉和生物,16.39%,176,50.19%,11,14,,89,,,,
盛富莱,6.42%,137,19.40%,6,无数据,,87,,,,
远图股份,13.83%,104,61.30%,10,15,,92,,,,
彩客科技,0.21%,39,43.04%,10,8,,83,,,,
帮安迪,0.15%,61,29.78%,8,17,,83,,,,
鸿基节能,0.12%,150,63.01%,7,7,,83,,,,
科能熔敷,0.11%,679,26.22%,5,17,,79,,,,
温多利,0.19%,25,9.15%,10,无数据,,81,,,,
祥瑞生物,0.33%,57,30.93%,10,无数据,,84,,,,
岷山环能,0.16%,2738,56.43%,7,14,,77,,,,
晶华光电,2.39%,117,35.02%,10,6,,85,,,,
迪尔生物,0.10%,22,15.65%,10,无数据,,82,,,,
恒道医药,0.43%,206,41.34%,7,12,,83,,,,
靓时新材,0.15%,33,31.08%,10,无数据,,84,,,,
百金股份,0.13%,342,34.24%,8,无数据,,82,,,,
